,combo-id,inst-id,file-name,stripe-thresh-cov-zero
200,2,2-1,"['../homogeneous-eight-cell-twentynine-april-exported-extra-smooth-images/2/2-1.png', '../homogeneous-eight-cell-twentynine-april-exported-images-highdif-bigborder/2/2-1.png', '../homogeneous-eight-cell-twentynine-april-exported-images-highdif-medborder/2/2-1.png', '../homogeneous-eight-cell-twentynine-april-exported-images-highdif-smallborder/2/2-1.png', '../homogeneous-eight-cell-twentynine-april-exported-images-lowdiff-bigborder/2/2-1.png', '../homogeneous-eight-cell-twentynine-april-exported-images-lowdiff-medborder/2/2-1.png', '../homogeneous-eight-cell-twentynine-april-exported-images-lowdiff-smallborder/2/2-1.png', '../homogeneous-eight-cell-twentynine-april-exported-images-meddiff-bigborder/2/2-1.png', '../homogeneous-eight-cell-twentynine-april-exported-images-meddiff-medborder/2/2-1.png', '../homogeneous-eight-cell-twentynine-april-exported-images-meddiff-smallborder/2/2-1.png']",62.0
201,2,2-2,"['../homogeneous-eight-cell-twentynine-april-exported-extra-smooth-images/2/2-2.png', '../homogeneous-eight-cell-twentynine-april-exported-images-highdif-bigborder/2/2-2.png', '../homogeneous-eight-cell-twentynine-april-exported-images-highdif-medborder/2/2-2.png', '../homogeneous-eight-cell-twentynine-april-exported-images-highdif-smallborder/2/2-2.png', '../homogeneous-eight-cell-twentynine-april-exported-images-lowdiff-bigborder/2/2-2.png', '../homogeneous-eight-cell-twentynine-april-exported-images-lowdiff-medborder/2/2-2.png', '../homogeneous-eight-cell-twentynine-april-exported-images-lowdiff-smallborder/2/2-2.png', '../homogeneous-eight-cell-twentynine-april-exported-images-meddiff-bigborder/2/2-2.png', '../homogeneous-eight-cell-twentynine-april-exported-images-meddiff-medborder/2/2-2.png', '../homogeneous-eight-cell-twentynine-april-exported-images-meddiff-smallborder/2/2-2.png']",524.0
202,2,2-3,"['../homogeneous-eight-cell-twentynine-april-exported-extra-smooth-images/2/2-3.png', '../homogeneous-eight-cell-twentynine-april-exported-images-highdif-bigborder/2/2-3.png', '../homogeneous-eight-cell-twentynine-april-exported-images-highdif-medborder/2/2-3.png', '../homogeneous-eight-cell-twentynine-april-exported-images-highdif-smallborder/2/2-3.png', '../homogeneous-eight-cell-twentynine-april-exported-images-lowdiff-bigborder/2/2-3.png', '../homogeneous-eight-cell-twentynine-april-exported-images-lowdiff-medborder/2/2-3.png', '../homogeneous-eight-cell-twentynine-april-exported-images-lowdiff-smallborder/2/2-3.png', '../homogeneous-eight-cell-twentynine-april-exported-images-meddiff-bigborder/2/2-3.png', '../homogeneous-eight-cell-twentynine-april-exported-images-meddiff-medborder/2/2-3.png', '../homogeneous-eight-cell-twentynine-april-exported-images-meddiff-smallborder/2/2-3.png']",323.0
203,2,2-4,"['../homogeneous-eight-cell-twentynine-april-exported-extra-smooth-images/2/2-4.png', '../homogeneous-eight-cell-twentynine-april-exported-images-highdif-bigborder/2/2-4.png', '../homogeneous-eight-cell-twentynine-april-exported-images-highdif-medborder/2/2-4.png', '../homogeneous-eight-cell-twentynine-april-exported-images-highdif-smallborder/2/2-4.png', '../homogeneous-eight-cell-twentynine-april-exported-images-lowdiff-bigborder/2/2-4.png', '../homogeneous-eight-cell-twentynine-april-exported-images-lowdiff-medborder/2/2-4.png', '../homogeneous-eight-cell-twentynine-april-exported-images-lowdiff-smallborder/2/2-4.png', '../homogeneous-eight-cell-twentynine-april-exported-images-meddiff-bigborder/2/2-4.png', '../homogeneous-eight-cell-twentynine-april-exported-images-meddiff-medborder/2/2-4.png', '../homogeneous-eight-cell-twentynine-april-exported-images-meddiff-smallborder/2/2-4.png']",115.0
204,2,2-5,"['../homogeneous-eight-cell-twentynine-april-exported-extra-smooth-images/2/2-5.png', '../homogeneous-eight-cell-twentynine-april-exported-images-highdif-bigborder/2/2-5.png', '../homogeneous-eight-cell-twentynine-april-exported-images-highdif-medborder/2/2-5.png', '../homogeneous-eight-cell-twentynine-april-exported-images-highdif-smallborder/2/2-5.png', '../homogeneous-eight-cell-twentynine-april-exported-images-lowdiff-bigborder/2/2-5.png', '../homogeneous-eight-cell-twentynine-april-exported-images-lowdiff-medborder/2/2-5.png', '../homogeneous-eight-cell-twentynine-april-exported-images-lowdiff-smallborder/2/2-5.png', '../homogeneous-eight-cell-twentynine-april-exported-images-meddiff-bigborder/2/2-5.png', '../homogeneous-eight-cell-twentynine-april-exported-images-meddiff-medborder/2/2-5.png', '../homogeneous-eight-cell-twentynine-april-exported-images-meddiff-smallborder/2/2-5.png']",79.0
205,2,2-6,"['../homogeneous-eight-cell-twentynine-april-exported-extra-smooth-images/2/2-6.png', '../homogeneous-eight-cell-twentynine-april-exported-images-highdif-bigborder/2/2-6.png', '../homogeneous-eight-cell-twentynine-april-exported-images-highdif-medborder/2/2-6.png', '../homogeneous-eight-cell-twentynine-april-exported-images-highdif-smallborder/2/2-6.png', '../homogeneous-eight-cell-twentynine-april-exported-images-lowdiff-bigborder/2/2-6.png', '../homogeneous-eight-cell-twentynine-april-exported-images-lowdiff-medborder/2/2-6.png', '../homogeneous-eight-cell-twentynine-april-exported-images-lowdiff-smallborder/2/2-6.png', '../homogeneous-eight-cell-twentynine-april-exported-images-meddiff-bigborder/2/2-6.png', '../homogeneous-eight-cell-twentynine-april-exported-images-meddiff-medborder/2/2-6.png', '../homogeneous-eight-cell-twentynine-april-exported-images-meddiff-smallborder/2/2-6.png']",131.0
206,2,2-7,"['../homogeneous-eight-cell-twentynine-april-exported-extra-smooth-images/2/2-7.png', '../homogeneous-eight-cell-twentynine-april-exported-images-highdif-bigborder/2/2-7.png', '../homogeneous-eight-cell-twentynine-april-exported-images-highdif-medborder/2/2-7.png', '../homogeneous-eight-cell-twentynine-april-exported-images-highdif-smallborder/2/2-7.png', '../homogeneous-eight-cell-twentynine-april-exported-images-lowdiff-bigborder/2/2-7.png', '../homogeneous-eight-cell-twentynine-april-exported-images-lowdiff-medborder/2/2-7.png', '../homogeneous-eight-cell-twentynine-april-exported-images-lowdiff-smallborder/2/2-7.png', '../homogeneous-eight-cell-twentynine-april-exported-images-meddiff-bigborder/2/2-7.png', '../homogeneous-eight-cell-twentynine-april-exported-images-meddiff-medborder/2/2-7.png', '../homogeneous-eight-cell-twentynine-april-exported-images-meddiff-smallborder/2/2-7.png']",200.0
207,2,2-8,"['../homogeneous-eight-cell-twentynine-april-exported-extra-smooth-images/2/2-8.png', '../homogeneous-eight-cell-twentynine-april-exported-images-highdif-bigborder/2/2-8.png', '../homogeneous-eight-cell-twentynine-april-exported-images-highdif-medborder/2/2-8.png', '../homogeneous-eight-cell-twentynine-april-exported-images-highdif-smallborder/2/2-8.png', '../homogeneous-eight-cell-twentynine-april-exported-images-lowdiff-bigborder/2/2-8.png', '../homogeneous-eight-cell-twentynine-april-exported-images-lowdiff-medborder/2/2-8.png', '../homogeneous-eight-cell-twentynine-april-exported-images-lowdiff-smallborder/2/2-8.png', '../homogeneous-eight-cell-twentynine-april-exported-images-meddiff-bigborder/2/2-8.png', '../homogeneous-eight-cell-twentynine-april-exported-images-meddiff-medborder/2/2-8.png', '../homogeneous-eight-cell-twentynine-april-exported-images-meddiff-smallborder/2/2-8.png']",219.0
208,2,2-9,"['../homogeneous-eight-cell-twentynine-april-exported-extra-smooth-images/2/2-9.png', '../homogeneous-eight-cell-twentynine-april-exported-images-highdif-bigborder/2/2-9.png', '../homogeneous-eight-cell-twentynine-april-exported-images-highdif-medborder/2/2-9.png', '../homogeneous-eight-cell-twentynine-april-exported-images-highdif-smallborder/2/2-9.png', '../homogeneous-eight-cell-twentynine-april-exported-images-lowdiff-bigborder/2/2-9.png', '../homogeneous-eight-cell-twentynine-april-exported-images-lowdiff-medborder/2/2-9.png', '../homogeneous-eight-cell-twentynine-april-exported-images-lowdiff-smallborder/2/2-9.png', '../homogeneous-eight-cell-twentynine-april-exported-images-meddiff-bigborder/2/2-9.png', '../homogeneous-eight-cell-twentynine-april-exported-images-meddiff-medborder/2/2-9.png', '../homogeneous-eight-cell-twentynine-april-exported-images-meddiff-smallborder/2/2-9.png']",150.0
209,2,2-10,"['../homogeneous-eight-cell-twentynine-april-exported-extra-smooth-images/2/2-10.png', '../homogeneous-eight-cell-twentynine-april-exported-images-highdif-bigborder/2/2-10.png', '../homogeneous-eight-cell-twentynine-april-exported-images-highdif-medborder/2/2-10.png', '../homogeneous-eight-cell-twentynine-april-exported-images-highdif-smallborder/2/2-10.png', '../homogeneous-eight-cell-twentynine-april-exported-images-lowdiff-bigborder/2/2-10.png', '../homogeneous-eight-cell-twentynine-april-exported-images-lowdiff-medborder/2/2-10.png', '../homogeneous-eight-cell-twentynine-april-exported-images-lowdiff-smallborder/2/2-10.png', '../homogeneous-eight-cell-twentynine-april-exported-images-meddiff-bigborder/2/2-10.png', '../homogeneous-eight-cell-twentynine-april-exported-images-meddiff-medborder/2/2-10.png', '../homogeneous-eight-cell-twentynine-april-exported-images-meddiff-smallborder/2/2-10.png']",2.0
210,2,2-11,"['../homogeneous-eight-cell-twentynine-april-exported-extra-smooth-images/2/2-11.png', '../homogeneous-eight-cell-twentynine-april-exported-images-highdif-bigborder/2/2-11.png', '../homogeneous-eight-cell-twentynine-april-exported-images-highdif-medborder/2/2-11.png', '../homogeneous-eight-cell-twentynine-april-exported-images-highdif-smallborder/2/2-11.png', '../homogeneous-eight-cell-twentynine-april-exported-images-lowdiff-bigborder/2/2-11.png', '../homogeneous-eight-cell-twentynine-april-exported-images-lowdiff-medborder/2/2-11.png', '../homogeneous-eight-cell-twentynine-april-exported-images-lowdiff-smallborder/2/2-11.png', '../homogeneous-eight-cell-twentynine-april-exported-images-meddiff-bigborder/2/2-11.png', '../homogeneous-eight-cell-twentynine-april-exported-images-meddiff-medborder/2/2-11.png', '../homogeneous-eight-cell-twentynine-april-exported-images-meddiff-smallborder/2/2-11.png']",11.0
211,2,2-12,"['../homogeneous-eight-cell-twentynine-april-exported-extra-smooth-images/2/2-12.png', '../homogeneous-eight-cell-twentynine-april-exported-images-highdif-bigborder/2/2-12.png', '../homogeneous-eight-cell-twentynine-april-exported-images-highdif-medborder/2/2-12.png', '../homogeneous-eight-cell-twentynine-april-exported-images-highdif-smallborder/2/2-12.png', '../homogeneous-eight-cell-twentynine-april-exported-images-lowdiff-bigborder/2/2-12.png', '../homogeneous-eight-cell-twentynine-april-exported-images-lowdiff-medborder/2/2-12.png', '../homogeneous-eight-cell-twentynine-april-exported-images-lowdiff-smallborder/2/2-12.png', '../homogeneous-eight-cell-twentynine-april-exported-images-meddiff-bigborder/2/2-12.png', '../homogeneous-eight-cell-twentynine-april-exported-images-meddiff-medborder/2/2-12.png', '../homogeneous-eight-cell-twentynine-april-exported-images-meddiff-smallborder/2/2-12.png']",65.0
212,2,2-13,"['../homogeneous-eight-cell-twentynine-april-exported-extra-smooth-images/2/2-13.png', '../homogeneous-eight-cell-twentynine-april-exported-images-highdif-bigborder/2/2-13.png', '../homogeneous-eight-cell-twentynine-april-exported-images-highdif-medborder/2/2-13.png', '../homogeneous-eight-cell-twentynine-april-exported-images-highdif-smallborder/2/2-13.png', '../homogeneous-eight-cell-twentynine-april-exported-images-lowdiff-bigborder/2/2-13.png', '../homogeneous-eight-cell-twentynine-april-exported-images-lowdiff-medborder/2/2-13.png', '../homogeneous-eight-cell-twentynine-april-exported-images-lowdiff-smallborder/2/2-13.png', '../homogeneous-eight-cell-twentynine-april-exported-images-meddiff-bigborder/2/2-13.png', '../homogeneous-eight-cell-twentynine-april-exported-images-meddiff-medborder/2/2-13.png', '../homogeneous-eight-cell-twentynine-april-exported-images-meddiff-smallborder/2/2-13.png']",54.0
213,2,2-14,"['../homogeneous-eight-cell-twentynine-april-exported-extra-smooth-images/2/2-14.png', '../homogeneous-eight-cell-twentynine-april-exported-images-highdif-bigborder/2/2-14.png', '../homogeneous-eight-cell-twentynine-april-exported-images-highdif-medborder/2/2-14.png', '../homogeneous-eight-cell-twentynine-april-exported-images-highdif-smallborder/2/2-14.png', '../homogeneous-eight-cell-twentynine-april-exported-images-lowdiff-bigborder/2/2-14.png', '../homogeneous-eight-cell-twentynine-april-exported-images-lowdiff-medborder/2/2-14.png', '../homogeneous-eight-cell-twentynine-april-exported-images-lowdiff-smallborder/2/2-14.png', '../homogeneous-eight-cell-twentynine-april-exported-images-meddiff-bigborder/2/2-14.png', '../homogeneous-eight-cell-twentynine-april-exported-images-meddiff-medborder/2/2-14.png', '../homogeneous-eight-cell-twentynine-april-exported-images-meddiff-smallborder/2/2-14.png']",94.0
214,2,2-15,"['../homogeneous-eight-cell-twentynine-april-exported-extra-smooth-images/2/2-15.png', '../homogeneous-eight-cell-twentynine-april-exported-images-highdif-bigborder/2/2-15.png', '../homogeneous-eight-cell-twentynine-april-exported-images-highdif-medborder/2/2-15.png', '../homogeneous-eight-cell-twentynine-april-exported-images-highdif-smallborder/2/2-15.png', '../homogeneous-eight-cell-twentynine-april-exported-images-lowdiff-bigborder/2/2-15.png', '../homogeneous-eight-cell-twentynine-april-exported-images-lowdiff-medborder/2/2-15.png', '../homogeneous-eight-cell-twentynine-april-exported-images-lowdiff-smallborder/2/2-15.png', '../homogeneous-eight-cell-twentynine-april-exported-images-meddiff-bigborder/2/2-15.png', '../homogeneous-eight-cell-twentynine-april-exported-images-meddiff-medborder/2/2-15.png', '../homogeneous-eight-cell-twentynine-april-exported-images-meddiff-smallborder/2/2-15.png']",29.0
215,2,2-16,"['../homogeneous-eight-cell-twentynine-april-exported-extra-smooth-images/2/2-16.png', '../homogeneous-eight-cell-twentynine-april-exported-images-highdif-bigborder/2/2-16.png', '../homogeneous-eight-cell-twentynine-april-exported-images-highdif-medborder/2/2-16.png', '../homogeneous-eight-cell-twentynine-april-exported-images-highdif-smallborder/2/2-16.png', '../homogeneous-eight-cell-twentynine-april-exported-images-lowdiff-bigborder/2/2-16.png', '../homogeneous-eight-cell-twentynine-april-exported-images-lowdiff-medborder/2/2-16.png', '../homogeneous-eight-cell-twentynine-april-exported-images-lowdiff-smallborder/2/2-16.png', '../homogeneous-eight-cell-twentynine-april-exported-images-meddiff-bigborder/2/2-16.png', '../homogeneous-eight-cell-twentynine-april-exported-images-meddiff-medborder/2/2-16.png', '../homogeneous-eight-cell-twentynine-april-exported-images-meddiff-smallborder/2/2-16.png']",66.0
216,2,2-17,"['../homogeneous-eight-cell-twentynine-april-exported-extra-smooth-images/2/2-17.png', '../homogeneous-eight-cell-twentynine-april-exported-images-highdif-bigborder/2/2-17.png', '../homogeneous-eight-cell-twentynine-april-exported-images-highdif-medborder/2/2-17.png', '../homogeneous-eight-cell-twentynine-april-exported-images-highdif-smallborder/2/2-17.png', '../homogeneous-eight-cell-twentynine-april-exported-images-lowdiff-bigborder/2/2-17.png', '../homogeneous-eight-cell-twentynine-april-exported-images-lowdiff-medborder/2/2-17.png', '../homogeneous-eight-cell-twentynine-april-exported-images-lowdiff-smallborder/2/2-17.png', '../homogeneous-eight-cell-twentynine-april-exported-images-meddiff-bigborder/2/2-17.png', '../homogeneous-eight-cell-twentynine-april-exported-images-meddiff-medborder/2/2-17.png', '../homogeneous-eight-cell-twentynine-april-exported-images-meddiff-smallborder/2/2-17.png']",0.0
217,2,2-18,"['../homogeneous-eight-cell-twentynine-april-exported-extra-smooth-images/2/2-18.png', '../homogeneous-eight-cell-twentynine-april-exported-images-highdif-bigborder/2/2-18.png', '../homogeneous-eight-cell-twentynine-april-exported-images-highdif-medborder/2/2-18.png', '../homogeneous-eight-cell-twentynine-april-exported-images-highdif-smallborder/2/2-18.png', '../homogeneous-eight-cell-twentynine-april-exported-images-lowdiff-bigborder/2/2-18.png', '../homogeneous-eight-cell-twentynine-april-exported-images-lowdiff-medborder/2/2-18.png', '../homogeneous-eight-cell-twentynine-april-exported-images-lowdiff-smallborder/2/2-18.png', '../homogeneous-eight-cell-twentynine-april-exported-images-meddiff-bigborder/2/2-18.png', '../homogeneous-eight-cell-twentynine-april-exported-images-meddiff-medborder/2/2-18.png', '../homogeneous-eight-cell-twentynine-april-exported-images-meddiff-smallborder/2/2-18.png']",40.0
218,2,2-19,"['../homogeneous-eight-cell-twentynine-april-exported-extra-smooth-images/2/2-19.png', '../homogeneous-eight-cell-twentynine-april-exported-images-highdif-bigborder/2/2-19.png', '../homogeneous-eight-cell-twentynine-april-exported-images-highdif-medborder/2/2-19.png', '../homogeneous-eight-cell-twentynine-april-exported-images-highdif-smallborder/2/2-19.png', '../homogeneous-eight-cell-twentynine-april-exported-images-lowdiff-bigborder/2/2-19.png', '../homogeneous-eight-cell-twentynine-april-exported-images-lowdiff-medborder/2/2-19.png', '../homogeneous-eight-cell-twentynine-april-exported-images-lowdiff-smallborder/2/2-19.png', '../homogeneous-eight-cell-twentynine-april-exported-images-meddiff-bigborder/2/2-19.png', '../homogeneous-eight-cell-twentynine-april-exported-images-meddiff-medborder/2/2-19.png', '../homogeneous-eight-cell-twentynine-april-exported-images-meddiff-smallborder/2/2-19.png']",212.0
219,2,2-20,"['../homogeneous-eight-cell-twentynine-april-exported-extra-smooth-images/2/2-20.png', '../homogeneous-eight-cell-twentynine-april-exported-images-highdif-bigborder/2/2-20.png', '../homogeneous-eight-cell-twentynine-april-exported-images-highdif-medborder/2/2-20.png', '../homogeneous-eight-cell-twentynine-april-exported-images-highdif-smallborder/2/2-20.png', '../homogeneous-eight-cell-twentynine-april-exported-images-lowdiff-bigborder/2/2-20.png', '../homogeneous-eight-cell-twentynine-april-exported-images-lowdiff-medborder/2/2-20.png', '../homogeneous-eight-cell-twentynine-april-exported-images-lowdiff-smallborder/2/2-20.png', '../homogeneous-eight-cell-twentynine-april-exported-images-meddiff-bigborder/2/2-20.png', '../homogeneous-eight-cell-twentynine-april-exported-images-meddiff-medborder/2/2-20.png', '../homogeneous-eight-cell-twentynine-april-exported-images-meddiff-smallborder/2/2-20.png']",7.0
220,2,2-21,"['../homogeneous-eight-cell-twentynine-april-exported-extra-smooth-images/2/2-21.png', '../homogeneous-eight-cell-twentynine-april-exported-images-highdif-bigborder/2/2-21.png', '../homogeneous-eight-cell-twentynine-april-exported-images-highdif-medborder/2/2-21.png', '../homogeneous-eight-cell-twentynine-april-exported-images-highdif-smallborder/2/2-21.png', '../homogeneous-eight-cell-twentynine-april-exported-images-lowdiff-bigborder/2/2-21.png', '../homogeneous-eight-cell-twentynine-april-exported-images-lowdiff-medborder/2/2-21.png', '../homogeneous-eight-cell-twentynine-april-exported-images-lowdiff-smallborder/2/2-21.png', '../homogeneous-eight-cell-twentynine-april-exported-images-meddiff-bigborder/2/2-21.png', '../homogeneous-eight-cell-twentynine-april-exported-images-meddiff-medborder/2/2-21.png', '../homogeneous-eight-cell-twentynine-april-exported-images-meddiff-smallborder/2/2-21.png']",26.0
221,2,2-22,"['../homogeneous-eight-cell-twentynine-april-exported-extra-smooth-images/2/2-22.png', '../homogeneous-eight-cell-twentynine-april-exported-images-highdif-bigborder/2/2-22.png', '../homogeneous-eight-cell-twentynine-april-exported-images-highdif-medborder/2/2-22.png', '../homogeneous-eight-cell-twentynine-april-exported-images-highdif-smallborder/2/2-22.png', '../homogeneous-eight-cell-twentynine-april-exported-images-lowdiff-bigborder/2/2-22.png', '../homogeneous-eight-cell-twentynine-april-exported-images-lowdiff-medborder/2/2-22.png', '../homogeneous-eight-cell-twentynine-april-exported-images-lowdiff-smallborder/2/2-22.png', '../homogeneous-eight-cell-twentynine-april-exported-images-meddiff-bigborder/2/2-22.png', '../homogeneous-eight-cell-twentynine-april-exported-images-meddiff-medborder/2/2-22.png', '../homogeneous-eight-cell-twentynine-april-exported-images-meddiff-smallborder/2/2-22.png']",60.0
222,2,2-23,"['../homogeneous-eight-cell-twentynine-april-exported-extra-smooth-images/2/2-23.png', '../homogeneous-eight-cell-twentynine-april-exported-images-highdif-bigborder/2/2-23.png', '../homogeneous-eight-cell-twentynine-april-exported-images-highdif-medborder/2/2-23.png', '../homogeneous-eight-cell-twentynine-april-exported-images-highdif-smallborder/2/2-23.png', '../homogeneous-eight-cell-twentynine-april-exported-images-lowdiff-bigborder/2/2-23.png', '../homogeneous-eight-cell-twentynine-april-exported-images-lowdiff-medborder/2/2-23.png', '../homogeneous-eight-cell-twentynine-april-exported-images-lowdiff-smallborder/2/2-23.png', '../homogeneous-eight-cell-twentynine-april-exported-images-meddiff-bigborder/2/2-23.png', '../homogeneous-eight-cell-twentynine-april-exported-images-meddiff-medborder/2/2-23.png', '../homogeneous-eight-cell-twentynine-april-exported-images-meddiff-smallborder/2/2-23.png']",508.0
223,2,2-24,"['../homogeneous-eight-cell-twentynine-april-exported-extra-smooth-images/2/2-24.png', '../homogeneous-eight-cell-twentynine-april-exported-images-highdif-bigborder/2/2-24.png', '../homogeneous-eight-cell-twentynine-april-exported-images-highdif-medborder/2/2-24.png', '../homogeneous-eight-cell-twentynine-april-exported-images-highdif-smallborder/2/2-24.png', '../homogeneous-eight-cell-twentynine-april-exported-images-lowdiff-bigborder/2/2-24.png', '../homogeneous-eight-cell-twentynine-april-exported-images-lowdiff-medborder/2/2-24.png', '../homogeneous-eight-cell-twentynine-april-exported-images-lowdiff-smallborder/2/2-24.png', '../homogeneous-eight-cell-twentynine-april-exported-images-meddiff-bigborder/2/2-24.png', '../homogeneous-eight-cell-twentynine-april-exported-images-meddiff-medborder/2/2-24.png', '../homogeneous-eight-cell-twentynine-april-exported-images-meddiff-smallborder/2/2-24.png']",17.0
224,2,2-25,"['../homogeneous-eight-cell-twentynine-april-exported-extra-smooth-images/2/2-25.png', '../homogeneous-eight-cell-twentynine-april-exported-images-highdif-bigborder/2/2-25.png', '../homogeneous-eight-cell-twentynine-april-exported-images-highdif-medborder/2/2-25.png', '../homogeneous-eight-cell-twentynine-april-exported-images-highdif-smallborder/2/2-25.png', '../homogeneous-eight-cell-twentynine-april-exported-images-lowdiff-bigborder/2/2-25.png', '../homogeneous-eight-cell-twentynine-april-exported-images-lowdiff-medborder/2/2-25.png', '../homogeneous-eight-cell-twentynine-april-exported-images-lowdiff-smallborder/2/2-25.png', '../homogeneous-eight-cell-twentynine-april-exported-images-meddiff-bigborder/2/2-25.png', '../homogeneous-eight-cell-twentynine-april-exported-images-meddiff-medborder/2/2-25.png', '../homogeneous-eight-cell-twentynine-april-exported-images-meddiff-smallborder/2/2-25.png']",174.0
225,2,2-26,"['../homogeneous-eight-cell-twentynine-april-exported-extra-smooth-images/2/2-26.png', '../homogeneous-eight-cell-twentynine-april-exported-images-highdif-bigborder/2/2-26.png', '../homogeneous-eight-cell-twentynine-april-exported-images-highdif-medborder/2/2-26.png', '../homogeneous-eight-cell-twentynine-april-exported-images-highdif-smallborder/2/2-26.png', '../homogeneous-eight-cell-twentynine-april-exported-images-lowdiff-bigborder/2/2-26.png', '../homogeneous-eight-cell-twentynine-april-exported-images-lowdiff-medborder/2/2-26.png', '../homogeneous-eight-cell-twentynine-april-exported-images-lowdiff-smallborder/2/2-26.png', '../homogeneous-eight-cell-twentynine-april-exported-images-meddiff-bigborder/2/2-26.png', '../homogeneous-eight-cell-twentynine-april-exported-images-meddiff-medborder/2/2-26.png', '../homogeneous-eight-cell-twentynine-april-exported-images-meddiff-smallborder/2/2-26.png']",595.0
226,2,2-27,"['../homogeneous-eight-cell-twentynine-april-exported-extra-smooth-images/2/2-27.png', '../homogeneous-eight-cell-twentynine-april-exported-images-highdif-bigborder/2/2-27.png', '../homogeneous-eight-cell-twentynine-april-exported-images-highdif-medborder/2/2-27.png', '../homogeneous-eight-cell-twentynine-april-exported-images-highdif-smallborder/2/2-27.png', '../homogeneous-eight-cell-twentynine-april-exported-images-lowdiff-bigborder/2/2-27.png', '../homogeneous-eight-cell-twentynine-april-exported-images-lowdiff-medborder/2/2-27.png', '../homogeneous-eight-cell-twentynine-april-exported-images-lowdiff-smallborder/2/2-27.png', '../homogeneous-eight-cell-twentynine-april-exported-images-meddiff-bigborder/2/2-27.png', '../homogeneous-eight-cell-twentynine-april-exported-images-meddiff-medborder/2/2-27.png', '../homogeneous-eight-cell-twentynine-april-exported-images-meddiff-smallborder/2/2-27.png']",99.0
227,2,2-28,"['../homogeneous-eight-cell-twentynine-april-exported-extra-smooth-images/2/2-28.png', '../homogeneous-eight-cell-twentynine-april-exported-images-highdif-bigborder/2/2-28.png', '../homogeneous-eight-cell-twentynine-april-exported-images-highdif-medborder/2/2-28.png', '../homogeneous-eight-cell-twentynine-april-exported-images-highdif-smallborder/2/2-28.png', '../homogeneous-eight-cell-twentynine-april-exported-images-lowdiff-bigborder/2/2-28.png', '../homogeneous-eight-cell-twentynine-april-exported-images-lowdiff-medborder/2/2-28.png', '../homogeneous-eight-cell-twentynine-april-exported-images-lowdiff-smallborder/2/2-28.png', '../homogeneous-eight-cell-twentynine-april-exported-images-meddiff-bigborder/2/2-28.png', '../homogeneous-eight-cell-twentynine-april-exported-images-meddiff-medborder/2/2-28.png', '../homogeneous-eight-cell-twentynine-april-exported-images-meddiff-smallborder/2/2-28.png']",48.0
228,2,2-29,"['../homogeneous-eight-cell-twentynine-april-exported-extra-smooth-images/2/2-29.png', '../homogeneous-eight-cell-twentynine-april-exported-images-highdif-bigborder/2/2-29.png', '../homogeneous-eight-cell-twentynine-april-exported-images-highdif-medborder/2/2-29.png', '../homogeneous-eight-cell-twentynine-april-exported-images-highdif-smallborder/2/2-29.png', '../homogeneous-eight-cell-twentynine-april-exported-images-lowdiff-bigborder/2/2-29.png', '../homogeneous-eight-cell-twentynine-april-exported-images-lowdiff-medborder/2/2-29.png', '../homogeneous-eight-cell-twentynine-april-exported-images-lowdiff-smallborder/2/2-29.png', '../homogeneous-eight-cell-twentynine-april-exported-images-meddiff-bigborder/2/2-29.png', '../homogeneous-eight-cell-twentynine-april-exported-images-meddiff-medborder/2/2-29.png', '../homogeneous-eight-cell-twentynine-april-exported-images-meddiff-smallborder/2/2-29.png']",215.0
229,2,2-30,"['../homogeneous-eight-cell-twentynine-april-exported-extra-smooth-images/2/2-30.png', '../homogeneous-eight-cell-twentynine-april-exported-images-highdif-bigborder/2/2-30.png', '../homogeneous-eight-cell-twentynine-april-exported-images-highdif-medborder/2/2-30.png', '../homogeneous-eight-cell-twentynine-april-exported-images-highdif-smallborder/2/2-30.png', '../homogeneous-eight-cell-twentynine-april-exported-images-lowdiff-bigborder/2/2-30.png', '../homogeneous-eight-cell-twentynine-april-exported-images-lowdiff-medborder/2/2-30.png', '../homogeneous-eight-cell-twentynine-april-exported-images-lowdiff-smallborder/2/2-30.png', '../homogeneous-eight-cell-twentynine-april-exported-images-meddiff-bigborder/2/2-30.png', '../homogeneous-eight-cell-twentynine-april-exported-images-meddiff-medborder/2/2-30.png', '../homogeneous-eight-cell-twentynine-april-exported-images-meddiff-smallborder/2/2-30.png']",246.0
230,2,2-31,"['../homogeneous-eight-cell-twentynine-april-exported-extra-smooth-images/2/2-31.png', '../homogeneous-eight-cell-twentynine-april-exported-images-highdif-bigborder/2/2-31.png', '../homogeneous-eight-cell-twentynine-april-exported-images-highdif-medborder/2/2-31.png', '../homogeneous-eight-cell-twentynine-april-exported-images-highdif-smallborder/2/2-31.png', '../homogeneous-eight-cell-twentynine-april-exported-images-lowdiff-bigborder/2/2-31.png', '../homogeneous-eight-cell-twentynine-april-exported-images-lowdiff-medborder/2/2-31.png', '../homogeneous-eight-cell-twentynine-april-exported-images-lowdiff-smallborder/2/2-31.png', '../homogeneous-eight-cell-twentynine-april-exported-images-meddiff-bigborder/2/2-31.png', '../homogeneous-eight-cell-twentynine-april-exported-images-meddiff-medborder/2/2-31.png', '../homogeneous-eight-cell-twentynine-april-exported-images-meddiff-smallborder/2/2-31.png']",6.0
231,2,2-32,"['../homogeneous-eight-cell-twentynine-april-exported-extra-smooth-images/2/2-32.png', '../homogeneous-eight-cell-twentynine-april-exported-images-highdif-bigborder/2/2-32.png', '../homogeneous-eight-cell-twentynine-april-exported-images-highdif-medborder/2/2-32.png', '../homogeneous-eight-cell-twentynine-april-exported-images-highdif-smallborder/2/2-32.png', '../homogeneous-eight-cell-twentynine-april-exported-images-lowdiff-bigborder/2/2-32.png', '../homogeneous-eight-cell-twentynine-april-exported-images-lowdiff-medborder/2/2-32.png', '../homogeneous-eight-cell-twentynine-april-exported-images-lowdiff-smallborder/2/2-32.png', '../homogeneous-eight-cell-twentynine-april-exported-images-meddiff-bigborder/2/2-32.png', '../homogeneous-eight-cell-twentynine-april-exported-images-meddiff-medborder/2/2-32.png', '../homogeneous-eight-cell-twentynine-april-exported-images-meddiff-smallborder/2/2-32.png']",628.0
232,2,2-33,"['../homogeneous-eight-cell-twentynine-april-exported-extra-smooth-images/2/2-33.png', '../homogeneous-eight-cell-twentynine-april-exported-images-highdif-bigborder/2/2-33.png', '../homogeneous-eight-cell-twentynine-april-exported-images-highdif-medborder/2/2-33.png', '../homogeneous-eight-cell-twentynine-april-exported-images-highdif-smallborder/2/2-33.png', '../homogeneous-eight-cell-twentynine-april-exported-images-lowdiff-bigborder/2/2-33.png', '../homogeneous-eight-cell-twentynine-april-exported-images-lowdiff-medborder/2/2-33.png', '../homogeneous-eight-cell-twentynine-april-exported-images-lowdiff-smallborder/2/2-33.png', '../homogeneous-eight-cell-twentynine-april-exported-images-meddiff-bigborder/2/2-33.png', '../homogeneous-eight-cell-twentynine-april-exported-images-meddiff-medborder/2/2-33.png', '../homogeneous-eight-cell-twentynine-april-exported-images-meddiff-smallborder/2/2-33.png']",10.0
233,2,2-34,"['../homogeneous-eight-cell-twentynine-april-exported-extra-smooth-images/2/2-34.png', '../homogeneous-eight-cell-twentynine-april-exported-images-highdif-bigborder/2/2-34.png', '../homogeneous-eight-cell-twentynine-april-exported-images-highdif-medborder/2/2-34.png', '../homogeneous-eight-cell-twentynine-april-exported-images-highdif-smallborder/2/2-34.png', '../homogeneous-eight-cell-twentynine-april-exported-images-lowdiff-bigborder/2/2-34.png', '../homogeneous-eight-cell-twentynine-april-exported-images-lowdiff-medborder/2/2-34.png', '../homogeneous-eight-cell-twentynine-april-exported-images-lowdiff-smallborder/2/2-34.png', '../homogeneous-eight-cell-twentynine-april-exported-images-meddiff-bigborder/2/2-34.png', '../homogeneous-eight-cell-twentynine-april-exported-images-meddiff-medborder/2/2-34.png', '../homogeneous-eight-cell-twentynine-april-exported-images-meddiff-smallborder/2/2-34.png']",109.0
234,2,2-35,"['../homogeneous-eight-cell-twentynine-april-exported-extra-smooth-images/2/2-35.png', '../homogeneous-eight-cell-twentynine-april-exported-images-highdif-bigborder/2/2-35.png', '../homogeneous-eight-cell-twentynine-april-exported-images-highdif-medborder/2/2-35.png', '../homogeneous-eight-cell-twentynine-april-exported-images-highdif-smallborder/2/2-35.png', '../homogeneous-eight-cell-twentynine-april-exported-images-lowdiff-bigborder/2/2-35.png', '../homogeneous-eight-cell-twentynine-april-exported-images-lowdiff-medborder/2/2-35.png', '../homogeneous-eight-cell-twentynine-april-exported-images-lowdiff-smallborder/2/2-35.png', '../homogeneous-eight-cell-twentynine-april-exported-images-meddiff-bigborder/2/2-35.png', '../homogeneous-eight-cell-twentynine-april-exported-images-meddiff-medborder/2/2-35.png', '../homogeneous-eight-cell-twentynine-april-exported-images-meddiff-smallborder/2/2-35.png']",333.0
235,2,2-36,"['../homogeneous-eight-cell-twentynine-april-exported-extra-smooth-images/2/2-36.png', '../homogeneous-eight-cell-twentynine-april-exported-images-highdif-bigborder/2/2-36.png', '../homogeneous-eight-cell-twentynine-april-exported-images-highdif-medborder/2/2-36.png', '../homogeneous-eight-cell-twentynine-april-exported-images-highdif-smallborder/2/2-36.png', '../homogeneous-eight-cell-twentynine-april-exported-images-lowdiff-bigborder/2/2-36.png', '../homogeneous-eight-cell-twentynine-april-exported-images-lowdiff-medborder/2/2-36.png', '../homogeneous-eight-cell-twentynine-april-exported-images-lowdiff-smallborder/2/2-36.png', '../homogeneous-eight-cell-twentynine-april-exported-images-meddiff-bigborder/2/2-36.png', '../homogeneous-eight-cell-twentynine-april-exported-images-meddiff-medborder/2/2-36.png', '../homogeneous-eight-cell-twentynine-april-exported-images-meddiff-smallborder/2/2-36.png']",204.0
236,2,2-37,"['../homogeneous-eight-cell-twentynine-april-exported-extra-smooth-images/2/2-37.png', '../homogeneous-eight-cell-twentynine-april-exported-images-highdif-bigborder/2/2-37.png', '../homogeneous-eight-cell-twentynine-april-exported-images-highdif-medborder/2/2-37.png', '../homogeneous-eight-cell-twentynine-april-exported-images-highdif-smallborder/2/2-37.png', '../homogeneous-eight-cell-twentynine-april-exported-images-lowdiff-bigborder/2/2-37.png', '../homogeneous-eight-cell-twentynine-april-exported-images-lowdiff-medborder/2/2-37.png', '../homogeneous-eight-cell-twentynine-april-exported-images-lowdiff-smallborder/2/2-37.png', '../homogeneous-eight-cell-twentynine-april-exported-images-meddiff-bigborder/2/2-37.png', '../homogeneous-eight-cell-twentynine-april-exported-images-meddiff-medborder/2/2-37.png', '../homogeneous-eight-cell-twentynine-april-exported-images-meddiff-smallborder/2/2-37.png']",9.0
237,2,2-38,"['../homogeneous-eight-cell-twentynine-april-exported-extra-smooth-images/2/2-38.png', '../homogeneous-eight-cell-twentynine-april-exported-images-highdif-bigborder/2/2-38.png', '../homogeneous-eight-cell-twentynine-april-exported-images-highdif-medborder/2/2-38.png', '../homogeneous-eight-cell-twentynine-april-exported-images-highdif-smallborder/2/2-38.png', '../homogeneous-eight-cell-twentynine-april-exported-images-lowdiff-bigborder/2/2-38.png', '../homogeneous-eight-cell-twentynine-april-exported-images-lowdiff-medborder/2/2-38.png', '../homogeneous-eight-cell-twentynine-april-exported-images-lowdiff-smallborder/2/2-38.png', '../homogeneous-eight-cell-twentynine-april-exported-images-meddiff-bigborder/2/2-38.png', '../homogeneous-eight-cell-twentynine-april-exported-images-meddiff-medborder/2/2-38.png', '../homogeneous-eight-cell-twentynine-april-exported-images-meddiff-smallborder/2/2-38.png']",90.0
238,2,2-39,"['../homogeneous-eight-cell-twentynine-april-exported-extra-smooth-images/2/2-39.png', '../homogeneous-eight-cell-twentynine-april-exported-images-highdif-bigborder/2/2-39.png', '../homogeneous-eight-cell-twentynine-april-exported-images-highdif-medborder/2/2-39.png', '../homogeneous-eight-cell-twentynine-april-exported-images-highdif-smallborder/2/2-39.png', '../homogeneous-eight-cell-twentynine-april-exported-images-lowdiff-bigborder/2/2-39.png', '../homogeneous-eight-cell-twentynine-april-exported-images-lowdiff-medborder/2/2-39.png', '../homogeneous-eight-cell-twentynine-april-exported-images-lowdiff-smallborder/2/2-39.png', '../homogeneous-eight-cell-twentynine-april-exported-images-meddiff-bigborder/2/2-39.png', '../homogeneous-eight-cell-twentynine-april-exported-images-meddiff-medborder/2/2-39.png', '../homogeneous-eight-cell-twentynine-april-exported-images-meddiff-smallborder/2/2-39.png']",1774.0
239,2,2-40,"['../homogeneous-eight-cell-twentynine-april-exported-extra-smooth-images/2/2-40.png', '../homogeneous-eight-cell-twentynine-april-exported-images-highdif-bigborder/2/2-40.png', '../homogeneous-eight-cell-twentynine-april-exported-images-highdif-medborder/2/2-40.png', '../homogeneous-eight-cell-twentynine-april-exported-images-highdif-smallborder/2/2-40.png', '../homogeneous-eight-cell-twentynine-april-exported-images-lowdiff-bigborder/2/2-40.png', '../homogeneous-eight-cell-twentynine-april-exported-images-lowdiff-medborder/2/2-40.png', '../homogeneous-eight-cell-twentynine-april-exported-images-lowdiff-smallborder/2/2-40.png', '../homogeneous-eight-cell-twentynine-april-exported-images-meddiff-bigborder/2/2-40.png', '../homogeneous-eight-cell-twentynine-april-exported-images-meddiff-medborder/2/2-40.png', '../homogeneous-eight-cell-twentynine-april-exported-images-meddiff-smallborder/2/2-40.png']",18.0
240,2,2-41,"['../homogeneous-eight-cell-twentynine-april-exported-extra-smooth-images/2/2-41.png', '../homogeneous-eight-cell-twentynine-april-exported-images-highdif-bigborder/2/2-41.png', '../homogeneous-eight-cell-twentynine-april-exported-images-highdif-medborder/2/2-41.png', '../homogeneous-eight-cell-twentynine-april-exported-images-highdif-smallborder/2/2-41.png', '../homogeneous-eight-cell-twentynine-april-exported-images-lowdiff-bigborder/2/2-41.png', '../homogeneous-eight-cell-twentynine-april-exported-images-lowdiff-medborder/2/2-41.png', '../homogeneous-eight-cell-twentynine-april-exported-images-lowdiff-smallborder/2/2-41.png', '../homogeneous-eight-cell-twentynine-april-exported-images-meddiff-bigborder/2/2-41.png', '../homogeneous-eight-cell-twentynine-april-exported-images-meddiff-medborder/2/2-41.png', '../homogeneous-eight-cell-twentynine-april-exported-images-meddiff-smallborder/2/2-41.png']",0.0
241,2,2-42,"['../homogeneous-eight-cell-twentynine-april-exported-extra-smooth-images/2/2-42.png', '../homogeneous-eight-cell-twentynine-april-exported-images-highdif-bigborder/2/2-42.png', '../homogeneous-eight-cell-twentynine-april-exported-images-highdif-medborder/2/2-42.png', '../homogeneous-eight-cell-twentynine-april-exported-images-highdif-smallborder/2/2-42.png', '../homogeneous-eight-cell-twentynine-april-exported-images-lowdiff-bigborder/2/2-42.png', '../homogeneous-eight-cell-twentynine-april-exported-images-lowdiff-medborder/2/2-42.png', '../homogeneous-eight-cell-twentynine-april-exported-images-lowdiff-smallborder/2/2-42.png', '../homogeneous-eight-cell-twentynine-april-exported-images-meddiff-bigborder/2/2-42.png', '../homogeneous-eight-cell-twentynine-april-exported-images-meddiff-medborder/2/2-42.png', '../homogeneous-eight-cell-twentynine-april-exported-images-meddiff-smallborder/2/2-42.png']",72.0
242,2,2-43,"['../homogeneous-eight-cell-twentynine-april-exported-extra-smooth-images/2/2-43.png', '../homogeneous-eight-cell-twentynine-april-exported-images-highdif-bigborder/2/2-43.png', '../homogeneous-eight-cell-twentynine-april-exported-images-highdif-medborder/2/2-43.png', '../homogeneous-eight-cell-twentynine-april-exported-images-highdif-smallborder/2/2-43.png', '../homogeneous-eight-cell-twentynine-april-exported-images-lowdiff-bigborder/2/2-43.png', '../homogeneous-eight-cell-twentynine-april-exported-images-lowdiff-medborder/2/2-43.png', '../homogeneous-eight-cell-twentynine-april-exported-images-lowdiff-smallborder/2/2-43.png', '../homogeneous-eight-cell-twentynine-april-exported-images-meddiff-bigborder/2/2-43.png', '../homogeneous-eight-cell-twentynine-april-exported-images-meddiff-medborder/2/2-43.png', '../homogeneous-eight-cell-twentynine-april-exported-images-meddiff-smallborder/2/2-43.png']",762.0
243,2,2-44,"['../homogeneous-eight-cell-twentynine-april-exported-extra-smooth-images/2/2-44.png', '../homogeneous-eight-cell-twentynine-april-exported-images-highdif-bigborder/2/2-44.png', '../homogeneous-eight-cell-twentynine-april-exported-images-highdif-medborder/2/2-44.png', '../homogeneous-eight-cell-twentynine-april-exported-images-highdif-smallborder/2/2-44.png', '../homogeneous-eight-cell-twentynine-april-exported-images-lowdiff-bigborder/2/2-44.png', '../homogeneous-eight-cell-twentynine-april-exported-images-lowdiff-medborder/2/2-44.png', '../homogeneous-eight-cell-twentynine-april-exported-images-lowdiff-smallborder/2/2-44.png', '../homogeneous-eight-cell-twentynine-april-exported-images-meddiff-bigborder/2/2-44.png', '../homogeneous-eight-cell-twentynine-april-exported-images-meddiff-medborder/2/2-44.png', '../homogeneous-eight-cell-twentynine-april-exported-images-meddiff-smallborder/2/2-44.png']",208.0
244,2,2-45,"['../homogeneous-eight-cell-twentynine-april-exported-extra-smooth-images/2/2-45.png', '../homogeneous-eight-cell-twentynine-april-exported-images-highdif-bigborder/2/2-45.png', '../homogeneous-eight-cell-twentynine-april-exported-images-highdif-medborder/2/2-45.png', '../homogeneous-eight-cell-twentynine-april-exported-images-highdif-smallborder/2/2-45.png', '../homogeneous-eight-cell-twentynine-april-exported-images-lowdiff-bigborder/2/2-45.png', '../homogeneous-eight-cell-twentynine-april-exported-images-lowdiff-medborder/2/2-45.png', '../homogeneous-eight-cell-twentynine-april-exported-images-lowdiff-smallborder/2/2-45.png', '../homogeneous-eight-cell-twentynine-april-exported-images-meddiff-bigborder/2/2-45.png', '../homogeneous-eight-cell-twentynine-april-exported-images-meddiff-medborder/2/2-45.png', '../homogeneous-eight-cell-twentynine-april-exported-images-meddiff-smallborder/2/2-45.png']",462.0
245,2,2-46,"['../homogeneous-eight-cell-twentynine-april-exported-extra-smooth-images/2/2-46.png', '../homogeneous-eight-cell-twentynine-april-exported-images-highdif-bigborder/2/2-46.png', '../homogeneous-eight-cell-twentynine-april-exported-images-highdif-medborder/2/2-46.png', '../homogeneous-eight-cell-twentynine-april-exported-images-highdif-smallborder/2/2-46.png', '../homogeneous-eight-cell-twentynine-april-exported-images-lowdiff-bigborder/2/2-46.png', '../homogeneous-eight-cell-twentynine-april-exported-images-lowdiff-medborder/2/2-46.png', '../homogeneous-eight-cell-twentynine-april-exported-images-lowdiff-smallborder/2/2-46.png', '../homogeneous-eight-cell-twentynine-april-exported-images-meddiff-bigborder/2/2-46.png', '../homogeneous-eight-cell-twentynine-april-exported-images-meddiff-medborder/2/2-46.png', '../homogeneous-eight-cell-twentynine-april-exported-images-meddiff-smallborder/2/2-46.png']",17.0
246,2,2-47,"['../homogeneous-eight-cell-twentynine-april-exported-extra-smooth-images/2/2-47.png', '../homogeneous-eight-cell-twentynine-april-exported-images-highdif-bigborder/2/2-47.png', '../homogeneous-eight-cell-twentynine-april-exported-images-highdif-medborder/2/2-47.png', '../homogeneous-eight-cell-twentynine-april-exported-images-highdif-smallborder/2/2-47.png', '../homogeneous-eight-cell-twentynine-april-exported-images-lowdiff-bigborder/2/2-47.png', '../homogeneous-eight-cell-twentynine-april-exported-images-lowdiff-medborder/2/2-47.png', '../homogeneous-eight-cell-twentynine-april-exported-images-lowdiff-smallborder/2/2-47.png', '../homogeneous-eight-cell-twentynine-april-exported-images-meddiff-bigborder/2/2-47.png', '../homogeneous-eight-cell-twentynine-april-exported-images-meddiff-medborder/2/2-47.png', '../homogeneous-eight-cell-twentynine-april-exported-images-meddiff-smallborder/2/2-47.png']",21.0
247,2,2-48,"['../homogeneous-eight-cell-twentynine-april-exported-extra-smooth-images/2/2-48.png', '../homogeneous-eight-cell-twentynine-april-exported-images-highdif-bigborder/2/2-48.png', '../homogeneous-eight-cell-twentynine-april-exported-images-highdif-medborder/2/2-48.png', '../homogeneous-eight-cell-twentynine-april-exported-images-highdif-smallborder/2/2-48.png', '../homogeneous-eight-cell-twentynine-april-exported-images-lowdiff-bigborder/2/2-48.png', '../homogeneous-eight-cell-twentynine-april-exported-images-lowdiff-medborder/2/2-48.png', '../homogeneous-eight-cell-twentynine-april-exported-images-lowdiff-smallborder/2/2-48.png', '../homogeneous-eight-cell-twentynine-april-exported-images-meddiff-bigborder/2/2-48.png', '../homogeneous-eight-cell-twentynine-april-exported-images-meddiff-medborder/2/2-48.png', '../homogeneous-eight-cell-twentynine-april-exported-images-meddiff-smallborder/2/2-48.png']",150.0
248,2,2-49,"['../homogeneous-eight-cell-twentynine-april-exported-extra-smooth-images/2/2-49.png', '../homogeneous-eight-cell-twentynine-april-exported-images-highdif-bigborder/2/2-49.png', '../homogeneous-eight-cell-twentynine-april-exported-images-highdif-medborder/2/2-49.png', '../homogeneous-eight-cell-twentynine-april-exported-images-highdif-smallborder/2/2-49.png', '../homogeneous-eight-cell-twentynine-april-exported-images-lowdiff-bigborder/2/2-49.png', '../homogeneous-eight-cell-twentynine-april-exported-images-lowdiff-medborder/2/2-49.png', '../homogeneous-eight-cell-twentynine-april-exported-images-lowdiff-smallborder/2/2-49.png', '../homogeneous-eight-cell-twentynine-april-exported-images-meddiff-bigborder/2/2-49.png', '../homogeneous-eight-cell-twentynine-april-exported-images-meddiff-medborder/2/2-49.png', '../homogeneous-eight-cell-twentynine-april-exported-images-meddiff-smallborder/2/2-49.png']",956.0
249,2,2-50,"['../homogeneous-eight-cell-twentynine-april-exported-extra-smooth-images/2/2-50.png', '../homogeneous-eight-cell-twentynine-april-exported-images-highdif-bigborder/2/2-50.png', '../homogeneous-eight-cell-twentynine-april-exported-images-highdif-medborder/2/2-50.png', '../homogeneous-eight-cell-twentynine-april-exported-images-highdif-smallborder/2/2-50.png', '../homogeneous-eight-cell-twentynine-april-exported-images-lowdiff-bigborder/2/2-50.png', '../homogeneous-eight-cell-twentynine-april-exported-images-lowdiff-medborder/2/2-50.png', '../homogeneous-eight-cell-twentynine-april-exported-images-lowdiff-smallborder/2/2-50.png', '../homogeneous-eight-cell-twentynine-april-exported-images-meddiff-bigborder/2/2-50.png', '../homogeneous-eight-cell-twentynine-april-exported-images-meddiff-medborder/2/2-50.png', '../homogeneous-eight-cell-twentynine-april-exported-images-meddiff-smallborder/2/2-50.png']",51.0
250,2,2-51,"['../homogeneous-eight-cell-twentynine-april-exported-extra-smooth-images/2/2-51.png', '../homogeneous-eight-cell-twentynine-april-exported-images-highdif-bigborder/2/2-51.png', '../homogeneous-eight-cell-twentynine-april-exported-images-highdif-medborder/2/2-51.png', '../homogeneous-eight-cell-twentynine-april-exported-images-highdif-smallborder/2/2-51.png', '../homogeneous-eight-cell-twentynine-april-exported-images-lowdiff-bigborder/2/2-51.png', '../homogeneous-eight-cell-twentynine-april-exported-images-lowdiff-medborder/2/2-51.png', '../homogeneous-eight-cell-twentynine-april-exported-images-lowdiff-smallborder/2/2-51.png', '../homogeneous-eight-cell-twentynine-april-exported-images-meddiff-bigborder/2/2-51.png', '../homogeneous-eight-cell-twentynine-april-exported-images-meddiff-medborder/2/2-51.png', '../homogeneous-eight-cell-twentynine-april-exported-images-meddiff-smallborder/2/2-51.png']",147.0
251,2,2-52,"['../homogeneous-eight-cell-twentynine-april-exported-extra-smooth-images/2/2-52.png', '../homogeneous-eight-cell-twentynine-april-exported-images-highdif-bigborder/2/2-52.png', '../homogeneous-eight-cell-twentynine-april-exported-images-highdif-medborder/2/2-52.png', '../homogeneous-eight-cell-twentynine-april-exported-images-highdif-smallborder/2/2-52.png', '../homogeneous-eight-cell-twentynine-april-exported-images-lowdiff-bigborder/2/2-52.png', '../homogeneous-eight-cell-twentynine-april-exported-images-lowdiff-medborder/2/2-52.png', '../homogeneous-eight-cell-twentynine-april-exported-images-lowdiff-smallborder/2/2-52.png', '../homogeneous-eight-cell-twentynine-april-exported-images-meddiff-bigborder/2/2-52.png', '../homogeneous-eight-cell-twentynine-april-exported-images-meddiff-medborder/2/2-52.png', '../homogeneous-eight-cell-twentynine-april-exported-images-meddiff-smallborder/2/2-52.png']",443.0
252,2,2-53,"['../homogeneous-eight-cell-twentynine-april-exported-extra-smooth-images/2/2-53.png', '../homogeneous-eight-cell-twentynine-april-exported-images-highdif-bigborder/2/2-53.png', '../homogeneous-eight-cell-twentynine-april-exported-images-highdif-medborder/2/2-53.png', '../homogeneous-eight-cell-twentynine-april-exported-images-highdif-smallborder/2/2-53.png', '../homogeneous-eight-cell-twentynine-april-exported-images-lowdiff-bigborder/2/2-53.png', '../homogeneous-eight-cell-twentynine-april-exported-images-lowdiff-medborder/2/2-53.png', '../homogeneous-eight-cell-twentynine-april-exported-images-lowdiff-smallborder/2/2-53.png', '../homogeneous-eight-cell-twentynine-april-exported-images-meddiff-bigborder/2/2-53.png', '../homogeneous-eight-cell-twentynine-april-exported-images-meddiff-medborder/2/2-53.png', '../homogeneous-eight-cell-twentynine-april-exported-images-meddiff-smallborder/2/2-53.png']",7.0
253,2,2-54,"['../homogeneous-eight-cell-twentynine-april-exported-extra-smooth-images/2/2-54.png', '../homogeneous-eight-cell-twentynine-april-exported-images-highdif-bigborder/2/2-54.png', '../homogeneous-eight-cell-twentynine-april-exported-images-highdif-medborder/2/2-54.png', '../homogeneous-eight-cell-twentynine-april-exported-images-highdif-smallborder/2/2-54.png', '../homogeneous-eight-cell-twentynine-april-exported-images-lowdiff-bigborder/2/2-54.png', '../homogeneous-eight-cell-twentynine-april-exported-images-lowdiff-medborder/2/2-54.png', '../homogeneous-eight-cell-twentynine-april-exported-images-lowdiff-smallborder/2/2-54.png', '../homogeneous-eight-cell-twentynine-april-exported-images-meddiff-bigborder/2/2-54.png', '../homogeneous-eight-cell-twentynine-april-exported-images-meddiff-medborder/2/2-54.png', '../homogeneous-eight-cell-twentynine-april-exported-images-meddiff-smallborder/2/2-54.png']",1124.0
254,2,2-55,"['../homogeneous-eight-cell-twentynine-april-exported-extra-smooth-images/2/2-55.png', '../homogeneous-eight-cell-twentynine-april-exported-images-highdif-bigborder/2/2-55.png', '../homogeneous-eight-cell-twentynine-april-exported-images-highdif-medborder/2/2-55.png', '../homogeneous-eight-cell-twentynine-april-exported-images-highdif-smallborder/2/2-55.png', '../homogeneous-eight-cell-twentynine-april-exported-images-lowdiff-bigborder/2/2-55.png', '../homogeneous-eight-cell-twentynine-april-exported-images-lowdiff-medborder/2/2-55.png', '../homogeneous-eight-cell-twentynine-april-exported-images-lowdiff-smallborder/2/2-55.png', '../homogeneous-eight-cell-twentynine-april-exported-images-meddiff-bigborder/2/2-55.png', '../homogeneous-eight-cell-twentynine-april-exported-images-meddiff-medborder/2/2-55.png', '../homogeneous-eight-cell-twentynine-april-exported-images-meddiff-smallborder/2/2-55.png']",9.0
255,2,2-56,"['../homogeneous-eight-cell-twentynine-april-exported-extra-smooth-images/2/2-56.png', '../homogeneous-eight-cell-twentynine-april-exported-images-highdif-bigborder/2/2-56.png', '../homogeneous-eight-cell-twentynine-april-exported-images-highdif-medborder/2/2-56.png', '../homogeneous-eight-cell-twentynine-april-exported-images-highdif-smallborder/2/2-56.png', '../homogeneous-eight-cell-twentynine-april-exported-images-lowdiff-bigborder/2/2-56.png', '../homogeneous-eight-cell-twentynine-april-exported-images-lowdiff-medborder/2/2-56.png', '../homogeneous-eight-cell-twentynine-april-exported-images-lowdiff-smallborder/2/2-56.png', '../homogeneous-eight-cell-twentynine-april-exported-images-meddiff-bigborder/2/2-56.png', '../homogeneous-eight-cell-twentynine-april-exported-images-meddiff-medborder/2/2-56.png', '../homogeneous-eight-cell-twentynine-april-exported-images-meddiff-smallborder/2/2-56.png']",173.0
256,2,2-57,"['../homogeneous-eight-cell-twentynine-april-exported-extra-smooth-images/2/2-57.png', '../homogeneous-eight-cell-twentynine-april-exported-images-highdif-bigborder/2/2-57.png', '../homogeneous-eight-cell-twentynine-april-exported-images-highdif-medborder/2/2-57.png', '../homogeneous-eight-cell-twentynine-april-exported-images-highdif-smallborder/2/2-57.png', '../homogeneous-eight-cell-twentynine-april-exported-images-lowdiff-bigborder/2/2-57.png', '../homogeneous-eight-cell-twentynine-april-exported-images-lowdiff-medborder/2/2-57.png', '../homogeneous-eight-cell-twentynine-april-exported-images-lowdiff-smallborder/2/2-57.png', '../homogeneous-eight-cell-twentynine-april-exported-images-meddiff-bigborder/2/2-57.png', '../homogeneous-eight-cell-twentynine-april-exported-images-meddiff-medborder/2/2-57.png', '../homogeneous-eight-cell-twentynine-april-exported-images-meddiff-smallborder/2/2-57.png']",1466.0
257,2,2-58,"['../homogeneous-eight-cell-twentynine-april-exported-extra-smooth-images/2/2-58.png', '../homogeneous-eight-cell-twentynine-april-exported-images-highdif-bigborder/2/2-58.png', '../homogeneous-eight-cell-twentynine-april-exported-images-highdif-medborder/2/2-58.png', '../homogeneous-eight-cell-twentynine-april-exported-images-highdif-smallborder/2/2-58.png', '../homogeneous-eight-cell-twentynine-april-exported-images-lowdiff-bigborder/2/2-58.png', '../homogeneous-eight-cell-twentynine-april-exported-images-lowdiff-medborder/2/2-58.png', '../homogeneous-eight-cell-twentynine-april-exported-images-lowdiff-smallborder/2/2-58.png', '../homogeneous-eight-cell-twentynine-april-exported-images-meddiff-bigborder/2/2-58.png', '../homogeneous-eight-cell-twentynine-april-exported-images-meddiff-medborder/2/2-58.png', '../homogeneous-eight-cell-twentynine-april-exported-images-meddiff-smallborder/2/2-58.png']",131.0
258,2,2-59,"['../homogeneous-eight-cell-twentynine-april-exported-extra-smooth-images/2/2-59.png', '../homogeneous-eight-cell-twentynine-april-exported-images-highdif-bigborder/2/2-59.png', '../homogeneous-eight-cell-twentynine-april-exported-images-highdif-medborder/2/2-59.png', '../homogeneous-eight-cell-twentynine-april-exported-images-highdif-smallborder/2/2-59.png', '../homogeneous-eight-cell-twentynine-april-exported-images-lowdiff-bigborder/2/2-59.png', '../homogeneous-eight-cell-twentynine-april-exported-images-lowdiff-medborder/2/2-59.png', '../homogeneous-eight-cell-twentynine-april-exported-images-lowdiff-smallborder/2/2-59.png', '../homogeneous-eight-cell-twentynine-april-exported-images-meddiff-bigborder/2/2-59.png', '../homogeneous-eight-cell-twentynine-april-exported-images-meddiff-medborder/2/2-59.png', '../homogeneous-eight-cell-twentynine-april-exported-images-meddiff-smallborder/2/2-59.png']",154.0
259,2,2-60,"['../homogeneous-eight-cell-twentynine-april-exported-extra-smooth-images/2/2-60.png', '../homogeneous-eight-cell-twentynine-april-exported-images-highdif-bigborder/2/2-60.png', '../homogeneous-eight-cell-twentynine-april-exported-images-highdif-medborder/2/2-60.png', '../homogeneous-eight-cell-twentynine-april-exported-images-highdif-smallborder/2/2-60.png', '../homogeneous-eight-cell-twentynine-april-exported-images-lowdiff-bigborder/2/2-60.png', '../homogeneous-eight-cell-twentynine-april-exported-images-lowdiff-medborder/2/2-60.png', '../homogeneous-eight-cell-twentynine-april-exported-images-lowdiff-smallborder/2/2-60.png', '../homogeneous-eight-cell-twentynine-april-exported-images-meddiff-bigborder/2/2-60.png', '../homogeneous-eight-cell-twentynine-april-exported-images-meddiff-medborder/2/2-60.png', '../homogeneous-eight-cell-twentynine-april-exported-images-meddiff-smallborder/2/2-60.png']",253.0
260,2,2-61,"['../homogeneous-eight-cell-twentynine-april-exported-extra-smooth-images/2/2-61.png', '../homogeneous-eight-cell-twentynine-april-exported-images-highdif-bigborder/2/2-61.png', '../homogeneous-eight-cell-twentynine-april-exported-images-highdif-medborder/2/2-61.png', '../homogeneous-eight-cell-twentynine-april-exported-images-highdif-smallborder/2/2-61.png', '../homogeneous-eight-cell-twentynine-april-exported-images-lowdiff-bigborder/2/2-61.png', '../homogeneous-eight-cell-twentynine-april-exported-images-lowdiff-medborder/2/2-61.png', '../homogeneous-eight-cell-twentynine-april-exported-images-lowdiff-smallborder/2/2-61.png', '../homogeneous-eight-cell-twentynine-april-exported-images-meddiff-bigborder/2/2-61.png', '../homogeneous-eight-cell-twentynine-april-exported-images-meddiff-medborder/2/2-61.png', '../homogeneous-eight-cell-twentynine-april-exported-images-meddiff-smallborder/2/2-61.png']",751.0
261,2,2-62,"['../homogeneous-eight-cell-twentynine-april-exported-extra-smooth-images/2/2-62.png', '../homogeneous-eight-cell-twentynine-april-exported-images-highdif-bigborder/2/2-62.png', '../homogeneous-eight-cell-twentynine-april-exported-images-highdif-medborder/2/2-62.png', '../homogeneous-eight-cell-twentynine-april-exported-images-highdif-smallborder/2/2-62.png', '../homogeneous-eight-cell-twentynine-april-exported-images-lowdiff-bigborder/2/2-62.png', '../homogeneous-eight-cell-twentynine-april-exported-images-lowdiff-medborder/2/2-62.png', '../homogeneous-eight-cell-twentynine-april-exported-images-lowdiff-smallborder/2/2-62.png', '../homogeneous-eight-cell-twentynine-april-exported-images-meddiff-bigborder/2/2-62.png', '../homogeneous-eight-cell-twentynine-april-exported-images-meddiff-medborder/2/2-62.png', '../homogeneous-eight-cell-twentynine-april-exported-images-meddiff-smallborder/2/2-62.png']",72.0
262,2,2-63,"['../homogeneous-eight-cell-twentynine-april-exported-extra-smooth-images/2/2-63.png', '../homogeneous-eight-cell-twentynine-april-exported-images-highdif-bigborder/2/2-63.png', '../homogeneous-eight-cell-twentynine-april-exported-images-highdif-medborder/2/2-63.png', '../homogeneous-eight-cell-twentynine-april-exported-images-highdif-smallborder/2/2-63.png', '../homogeneous-eight-cell-twentynine-april-exported-images-lowdiff-bigborder/2/2-63.png', '../homogeneous-eight-cell-twentynine-april-exported-images-lowdiff-medborder/2/2-63.png', '../homogeneous-eight-cell-twentynine-april-exported-images-lowdiff-smallborder/2/2-63.png', '../homogeneous-eight-cell-twentynine-april-exported-images-meddiff-bigborder/2/2-63.png', '../homogeneous-eight-cell-twentynine-april-exported-images-meddiff-medborder/2/2-63.png', '../homogeneous-eight-cell-twentynine-april-exported-images-meddiff-smallborder/2/2-63.png']",200.0
263,2,2-64,"['../homogeneous-eight-cell-twentynine-april-exported-extra-smooth-images/2/2-64.png', '../homogeneous-eight-cell-twentynine-april-exported-images-highdif-bigborder/2/2-64.png', '../homogeneous-eight-cell-twentynine-april-exported-images-highdif-medborder/2/2-64.png', '../homogeneous-eight-cell-twentynine-april-exported-images-highdif-smallborder/2/2-64.png', '../homogeneous-eight-cell-twentynine-april-exported-images-lowdiff-bigborder/2/2-64.png', '../homogeneous-eight-cell-twentynine-april-exported-images-lowdiff-medborder/2/2-64.png', '../homogeneous-eight-cell-twentynine-april-exported-images-lowdiff-smallborder/2/2-64.png', '../homogeneous-eight-cell-twentynine-april-exported-images-meddiff-bigborder/2/2-64.png', '../homogeneous-eight-cell-twentynine-april-exported-images-meddiff-medborder/2/2-64.png', '../homogeneous-eight-cell-twentynine-april-exported-images-meddiff-smallborder/2/2-64.png']",85.0
264,2,2-65,"['../homogeneous-eight-cell-twentynine-april-exported-extra-smooth-images/2/2-65.png', '../homogeneous-eight-cell-twentynine-april-exported-images-highdif-bigborder/2/2-65.png', '../homogeneous-eight-cell-twentynine-april-exported-images-highdif-medborder/2/2-65.png', '../homogeneous-eight-cell-twentynine-april-exported-images-highdif-smallborder/2/2-65.png', '../homogeneous-eight-cell-twentynine-april-exported-images-lowdiff-bigborder/2/2-65.png', '../homogeneous-eight-cell-twentynine-april-exported-images-lowdiff-medborder/2/2-65.png', '../homogeneous-eight-cell-twentynine-april-exported-images-lowdiff-smallborder/2/2-65.png', '../homogeneous-eight-cell-twentynine-april-exported-images-meddiff-bigborder/2/2-65.png', '../homogeneous-eight-cell-twentynine-april-exported-images-meddiff-medborder/2/2-65.png', '../homogeneous-eight-cell-twentynine-april-exported-images-meddiff-smallborder/2/2-65.png']",113.0
265,2,2-66,"['../homogeneous-eight-cell-twentynine-april-exported-extra-smooth-images/2/2-66.png', '../homogeneous-eight-cell-twentynine-april-exported-images-highdif-bigborder/2/2-66.png', '../homogeneous-eight-cell-twentynine-april-exported-images-highdif-medborder/2/2-66.png', '../homogeneous-eight-cell-twentynine-april-exported-images-highdif-smallborder/2/2-66.png', '../homogeneous-eight-cell-twentynine-april-exported-images-lowdiff-bigborder/2/2-66.png', '../homogeneous-eight-cell-twentynine-april-exported-images-lowdiff-medborder/2/2-66.png', '../homogeneous-eight-cell-twentynine-april-exported-images-lowdiff-smallborder/2/2-66.png', '../homogeneous-eight-cell-twentynine-april-exported-images-meddiff-bigborder/2/2-66.png', '../homogeneous-eight-cell-twentynine-april-exported-images-meddiff-medborder/2/2-66.png', '../homogeneous-eight-cell-twentynine-april-exported-images-meddiff-smallborder/2/2-66.png']",17.0
266,2,2-67,"['../homogeneous-eight-cell-twentynine-april-exported-extra-smooth-images/2/2-67.png', '../homogeneous-eight-cell-twentynine-april-exported-images-highdif-bigborder/2/2-67.png', '../homogeneous-eight-cell-twentynine-april-exported-images-highdif-medborder/2/2-67.png', '../homogeneous-eight-cell-twentynine-april-exported-images-highdif-smallborder/2/2-67.png', '../homogeneous-eight-cell-twentynine-april-exported-images-lowdiff-bigborder/2/2-67.png', '../homogeneous-eight-cell-twentynine-april-exported-images-lowdiff-medborder/2/2-67.png', '../homogeneous-eight-cell-twentynine-april-exported-images-lowdiff-smallborder/2/2-67.png', '../homogeneous-eight-cell-twentynine-april-exported-images-meddiff-bigborder/2/2-67.png', '../homogeneous-eight-cell-twentynine-april-exported-images-meddiff-medborder/2/2-67.png', '../homogeneous-eight-cell-twentynine-april-exported-images-meddiff-smallborder/2/2-67.png']",80.0
267,2,2-68,"['../homogeneous-eight-cell-twentynine-april-exported-extra-smooth-images/2/2-68.png', '../homogeneous-eight-cell-twentynine-april-exported-images-highdif-bigborder/2/2-68.png', '../homogeneous-eight-cell-twentynine-april-exported-images-highdif-medborder/2/2-68.png', '../homogeneous-eight-cell-twentynine-april-exported-images-highdif-smallborder/2/2-68.png', '../homogeneous-eight-cell-twentynine-april-exported-images-lowdiff-bigborder/2/2-68.png', '../homogeneous-eight-cell-twentynine-april-exported-images-lowdiff-medborder/2/2-68.png', '../homogeneous-eight-cell-twentynine-april-exported-images-lowdiff-smallborder/2/2-68.png', '../homogeneous-eight-cell-twentynine-april-exported-images-meddiff-bigborder/2/2-68.png', '../homogeneous-eight-cell-twentynine-april-exported-images-meddiff-medborder/2/2-68.png', '../homogeneous-eight-cell-twentynine-april-exported-images-meddiff-smallborder/2/2-68.png']",231.0
268,2,2-69,"['../homogeneous-eight-cell-twentynine-april-exported-extra-smooth-images/2/2-69.png', '../homogeneous-eight-cell-twentynine-april-exported-images-highdif-bigborder/2/2-69.png', '../homogeneous-eight-cell-twentynine-april-exported-images-highdif-medborder/2/2-69.png', '../homogeneous-eight-cell-twentynine-april-exported-images-highdif-smallborder/2/2-69.png', '../homogeneous-eight-cell-twentynine-april-exported-images-lowdiff-bigborder/2/2-69.png', '../homogeneous-eight-cell-twentynine-april-exported-images-lowdiff-medborder/2/2-69.png', '../homogeneous-eight-cell-twentynine-april-exported-images-lowdiff-smallborder/2/2-69.png', '../homogeneous-eight-cell-twentynine-april-exported-images-meddiff-bigborder/2/2-69.png', '../homogeneous-eight-cell-twentynine-april-exported-images-meddiff-medborder/2/2-69.png', '../homogeneous-eight-cell-twentynine-april-exported-images-meddiff-smallborder/2/2-69.png']",1.0
269,2,2-70,"['../homogeneous-eight-cell-twentynine-april-exported-extra-smooth-images/2/2-70.png', '../homogeneous-eight-cell-twentynine-april-exported-images-highdif-bigborder/2/2-70.png', '../homogeneous-eight-cell-twentynine-april-exported-images-highdif-medborder/2/2-70.png', '../homogeneous-eight-cell-twentynine-april-exported-images-highdif-smallborder/2/2-70.png', '../homogeneous-eight-cell-twentynine-april-exported-images-lowdiff-bigborder/2/2-70.png', '../homogeneous-eight-cell-twentynine-april-exported-images-lowdiff-medborder/2/2-70.png', '../homogeneous-eight-cell-twentynine-april-exported-images-lowdiff-smallborder/2/2-70.png', '../homogeneous-eight-cell-twentynine-april-exported-images-meddiff-bigborder/2/2-70.png', '../homogeneous-eight-cell-twentynine-april-exported-images-meddiff-medborder/2/2-70.png', '../homogeneous-eight-cell-twentynine-april-exported-images-meddiff-smallborder/2/2-70.png']",33.0
270,2,2-71,"['../homogeneous-eight-cell-twentynine-april-exported-extra-smooth-images/2/2-71.png', '../homogeneous-eight-cell-twentynine-april-exported-images-highdif-bigborder/2/2-71.png', '../homogeneous-eight-cell-twentynine-april-exported-images-highdif-medborder/2/2-71.png', '../homogeneous-eight-cell-twentynine-april-exported-images-highdif-smallborder/2/2-71.png', '../homogeneous-eight-cell-twentynine-april-exported-images-lowdiff-bigborder/2/2-71.png', '../homogeneous-eight-cell-twentynine-april-exported-images-lowdiff-medborder/2/2-71.png', '../homogeneous-eight-cell-twentynine-april-exported-images-lowdiff-smallborder/2/2-71.png', '../homogeneous-eight-cell-twentynine-april-exported-images-meddiff-bigborder/2/2-71.png', '../homogeneous-eight-cell-twentynine-april-exported-images-meddiff-medborder/2/2-71.png', '../homogeneous-eight-cell-twentynine-april-exported-images-meddiff-smallborder/2/2-71.png']",153.0
271,2,2-72,"['../homogeneous-eight-cell-twentynine-april-exported-extra-smooth-images/2/2-72.png', '../homogeneous-eight-cell-twentynine-april-exported-images-highdif-bigborder/2/2-72.png', '../homogeneous-eight-cell-twentynine-april-exported-images-highdif-medborder/2/2-72.png', '../homogeneous-eight-cell-twentynine-april-exported-images-highdif-smallborder/2/2-72.png', '../homogeneous-eight-cell-twentynine-april-exported-images-lowdiff-bigborder/2/2-72.png', '../homogeneous-eight-cell-twentynine-april-exported-images-lowdiff-medborder/2/2-72.png', '../homogeneous-eight-cell-twentynine-april-exported-images-lowdiff-smallborder/2/2-72.png', '../homogeneous-eight-cell-twentynine-april-exported-images-meddiff-bigborder/2/2-72.png', '../homogeneous-eight-cell-twentynine-april-exported-images-meddiff-medborder/2/2-72.png', '../homogeneous-eight-cell-twentynine-april-exported-images-meddiff-smallborder/2/2-72.png']",84.0
272,2,2-73,"['../homogeneous-eight-cell-twentynine-april-exported-extra-smooth-images/2/2-73.png', '../homogeneous-eight-cell-twentynine-april-exported-images-highdif-bigborder/2/2-73.png', '../homogeneous-eight-cell-twentynine-april-exported-images-highdif-medborder/2/2-73.png', '../homogeneous-eight-cell-twentynine-april-exported-images-highdif-smallborder/2/2-73.png', '../homogeneous-eight-cell-twentynine-april-exported-images-lowdiff-bigborder/2/2-73.png', '../homogeneous-eight-cell-twentynine-april-exported-images-lowdiff-medborder/2/2-73.png', '../homogeneous-eight-cell-twentynine-april-exported-images-lowdiff-smallborder/2/2-73.png', '../homogeneous-eight-cell-twentynine-april-exported-images-meddiff-bigborder/2/2-73.png', '../homogeneous-eight-cell-twentynine-april-exported-images-meddiff-medborder/2/2-73.png', '../homogeneous-eight-cell-twentynine-april-exported-images-meddiff-smallborder/2/2-73.png']",216.0
273,2,2-74,"['../homogeneous-eight-cell-twentynine-april-exported-extra-smooth-images/2/2-74.png', '../homogeneous-eight-cell-twentynine-april-exported-images-highdif-bigborder/2/2-74.png', '../homogeneous-eight-cell-twentynine-april-exported-images-highdif-medborder/2/2-74.png', '../homogeneous-eight-cell-twentynine-april-exported-images-highdif-smallborder/2/2-74.png', '../homogeneous-eight-cell-twentynine-april-exported-images-lowdiff-bigborder/2/2-74.png', '../homogeneous-eight-cell-twentynine-april-exported-images-lowdiff-medborder/2/2-74.png', '../homogeneous-eight-cell-twentynine-april-exported-images-lowdiff-smallborder/2/2-74.png', '../homogeneous-eight-cell-twentynine-april-exported-images-meddiff-bigborder/2/2-74.png', '../homogeneous-eight-cell-twentynine-april-exported-images-meddiff-medborder/2/2-74.png', '../homogeneous-eight-cell-twentynine-april-exported-images-meddiff-smallborder/2/2-74.png']",29.0
274,2,2-75,"['../homogeneous-eight-cell-twentynine-april-exported-extra-smooth-images/2/2-75.png', '../homogeneous-eight-cell-twentynine-april-exported-images-highdif-bigborder/2/2-75.png', '../homogeneous-eight-cell-twentynine-april-exported-images-highdif-medborder/2/2-75.png', '../homogeneous-eight-cell-twentynine-april-exported-images-highdif-smallborder/2/2-75.png', '../homogeneous-eight-cell-twentynine-april-exported-images-lowdiff-bigborder/2/2-75.png', '../homogeneous-eight-cell-twentynine-april-exported-images-lowdiff-medborder/2/2-75.png', '../homogeneous-eight-cell-twentynine-april-exported-images-lowdiff-smallborder/2/2-75.png', '../homogeneous-eight-cell-twentynine-april-exported-images-meddiff-bigborder/2/2-75.png', '../homogeneous-eight-cell-twentynine-april-exported-images-meddiff-medborder/2/2-75.png', '../homogeneous-eight-cell-twentynine-april-exported-images-meddiff-smallborder/2/2-75.png']",296.0
275,2,2-76,"['../homogeneous-eight-cell-twentynine-april-exported-extra-smooth-images/2/2-76.png', '../homogeneous-eight-cell-twentynine-april-exported-images-highdif-bigborder/2/2-76.png', '../homogeneous-eight-cell-twentynine-april-exported-images-highdif-medborder/2/2-76.png', '../homogeneous-eight-cell-twentynine-april-exported-images-highdif-smallborder/2/2-76.png', '../homogeneous-eight-cell-twentynine-april-exported-images-lowdiff-bigborder/2/2-76.png', '../homogeneous-eight-cell-twentynine-april-exported-images-lowdiff-medborder/2/2-76.png', '../homogeneous-eight-cell-twentynine-april-exported-images-lowdiff-smallborder/2/2-76.png', '../homogeneous-eight-cell-twentynine-april-exported-images-meddiff-bigborder/2/2-76.png', '../homogeneous-eight-cell-twentynine-april-exported-images-meddiff-medborder/2/2-76.png', '../homogeneous-eight-cell-twentynine-april-exported-images-meddiff-smallborder/2/2-76.png']",265.0
276,2,2-77,"['../homogeneous-eight-cell-twentynine-april-exported-extra-smooth-images/2/2-77.png', '../homogeneous-eight-cell-twentynine-april-exported-images-highdif-bigborder/2/2-77.png', '../homogeneous-eight-cell-twentynine-april-exported-images-highdif-medborder/2/2-77.png', '../homogeneous-eight-cell-twentynine-april-exported-images-highdif-smallborder/2/2-77.png', '../homogeneous-eight-cell-twentynine-april-exported-images-lowdiff-bigborder/2/2-77.png', '../homogeneous-eight-cell-twentynine-april-exported-images-lowdiff-medborder/2/2-77.png', '../homogeneous-eight-cell-twentynine-april-exported-images-lowdiff-smallborder/2/2-77.png', '../homogeneous-eight-cell-twentynine-april-exported-images-meddiff-bigborder/2/2-77.png', '../homogeneous-eight-cell-twentynine-april-exported-images-meddiff-medborder/2/2-77.png', '../homogeneous-eight-cell-twentynine-april-exported-images-meddiff-smallborder/2/2-77.png']",0.0
277,2,2-78,"['../homogeneous-eight-cell-twentynine-april-exported-extra-smooth-images/2/2-78.png', '../homogeneous-eight-cell-twentynine-april-exported-images-highdif-bigborder/2/2-78.png', '../homogeneous-eight-cell-twentynine-april-exported-images-highdif-medborder/2/2-78.png', '../homogeneous-eight-cell-twentynine-april-exported-images-highdif-smallborder/2/2-78.png', '../homogeneous-eight-cell-twentynine-april-exported-images-lowdiff-bigborder/2/2-78.png', '../homogeneous-eight-cell-twentynine-april-exported-images-lowdiff-medborder/2/2-78.png', '../homogeneous-eight-cell-twentynine-april-exported-images-lowdiff-smallborder/2/2-78.png', '../homogeneous-eight-cell-twentynine-april-exported-images-meddiff-bigborder/2/2-78.png', '../homogeneous-eight-cell-twentynine-april-exported-images-meddiff-medborder/2/2-78.png', '../homogeneous-eight-cell-twentynine-april-exported-images-meddiff-smallborder/2/2-78.png']",138.0
278,2,2-79,"['../homogeneous-eight-cell-twentynine-april-exported-extra-smooth-images/2/2-79.png', '../homogeneous-eight-cell-twentynine-april-exported-images-highdif-bigborder/2/2-79.png', '../homogeneous-eight-cell-twentynine-april-exported-images-highdif-medborder/2/2-79.png', '../homogeneous-eight-cell-twentynine-april-exported-images-highdif-smallborder/2/2-79.png', '../homogeneous-eight-cell-twentynine-april-exported-images-lowdiff-bigborder/2/2-79.png', '../homogeneous-eight-cell-twentynine-april-exported-images-lowdiff-medborder/2/2-79.png', '../homogeneous-eight-cell-twentynine-april-exported-images-lowdiff-smallborder/2/2-79.png', '../homogeneous-eight-cell-twentynine-april-exported-images-meddiff-bigborder/2/2-79.png', '../homogeneous-eight-cell-twentynine-april-exported-images-meddiff-medborder/2/2-79.png', '../homogeneous-eight-cell-twentynine-april-exported-images-meddiff-smallborder/2/2-79.png']",566.0
279,2,2-80,"['../homogeneous-eight-cell-twentynine-april-exported-extra-smooth-images/2/2-80.png', '../homogeneous-eight-cell-twentynine-april-exported-images-highdif-bigborder/2/2-80.png', '../homogeneous-eight-cell-twentynine-april-exported-images-highdif-medborder/2/2-80.png', '../homogeneous-eight-cell-twentynine-april-exported-images-highdif-smallborder/2/2-80.png', '../homogeneous-eight-cell-twentynine-april-exported-images-lowdiff-bigborder/2/2-80.png', '../homogeneous-eight-cell-twentynine-april-exported-images-lowdiff-medborder/2/2-80.png', '../homogeneous-eight-cell-twentynine-april-exported-images-lowdiff-smallborder/2/2-80.png', '../homogeneous-eight-cell-twentynine-april-exported-images-meddiff-bigborder/2/2-80.png', '../homogeneous-eight-cell-twentynine-april-exported-images-meddiff-medborder/2/2-80.png', '../homogeneous-eight-cell-twentynine-april-exported-images-meddiff-smallborder/2/2-80.png']",85.0
280,2,2-81,"['../homogeneous-eight-cell-twentynine-april-exported-extra-smooth-images/2/2-81.png', '../homogeneous-eight-cell-twentynine-april-exported-images-highdif-bigborder/2/2-81.png', '../homogeneous-eight-cell-twentynine-april-exported-images-highdif-medborder/2/2-81.png', '../homogeneous-eight-cell-twentynine-april-exported-images-highdif-smallborder/2/2-81.png', '../homogeneous-eight-cell-twentynine-april-exported-images-lowdiff-bigborder/2/2-81.png', '../homogeneous-eight-cell-twentynine-april-exported-images-lowdiff-medborder/2/2-81.png', '../homogeneous-eight-cell-twentynine-april-exported-images-lowdiff-smallborder/2/2-81.png', '../homogeneous-eight-cell-twentynine-april-exported-images-meddiff-bigborder/2/2-81.png', '../homogeneous-eight-cell-twentynine-april-exported-images-meddiff-medborder/2/2-81.png', '../homogeneous-eight-cell-twentynine-april-exported-images-meddiff-smallborder/2/2-81.png']",146.0
281,2,2-82,"['../homogeneous-eight-cell-twentynine-april-exported-extra-smooth-images/2/2-82.png', '../homogeneous-eight-cell-twentynine-april-exported-images-highdif-bigborder/2/2-82.png', '../homogeneous-eight-cell-twentynine-april-exported-images-highdif-medborder/2/2-82.png', '../homogeneous-eight-cell-twentynine-april-exported-images-highdif-smallborder/2/2-82.png', '../homogeneous-eight-cell-twentynine-april-exported-images-lowdiff-bigborder/2/2-82.png', '../homogeneous-eight-cell-twentynine-april-exported-images-lowdiff-medborder/2/2-82.png', '../homogeneous-eight-cell-twentynine-april-exported-images-lowdiff-smallborder/2/2-82.png', '../homogeneous-eight-cell-twentynine-april-exported-images-meddiff-bigborder/2/2-82.png', '../homogeneous-eight-cell-twentynine-april-exported-images-meddiff-medborder/2/2-82.png', '../homogeneous-eight-cell-twentynine-april-exported-images-meddiff-smallborder/2/2-82.png']",55.0
282,2,2-83,"['../homogeneous-eight-cell-twentynine-april-exported-extra-smooth-images/2/2-83.png', '../homogeneous-eight-cell-twentynine-april-exported-images-highdif-bigborder/2/2-83.png', '../homogeneous-eight-cell-twentynine-april-exported-images-highdif-medborder/2/2-83.png', '../homogeneous-eight-cell-twentynine-april-exported-images-highdif-smallborder/2/2-83.png', '../homogeneous-eight-cell-twentynine-april-exported-images-lowdiff-bigborder/2/2-83.png', '../homogeneous-eight-cell-twentynine-april-exported-images-lowdiff-medborder/2/2-83.png', '../homogeneous-eight-cell-twentynine-april-exported-images-lowdiff-smallborder/2/2-83.png', '../homogeneous-eight-cell-twentynine-april-exported-images-meddiff-bigborder/2/2-83.png', '../homogeneous-eight-cell-twentynine-april-exported-images-meddiff-medborder/2/2-83.png', '../homogeneous-eight-cell-twentynine-april-exported-images-meddiff-smallborder/2/2-83.png']",31.0
283,2,2-84,"['../homogeneous-eight-cell-twentynine-april-exported-extra-smooth-images/2/2-84.png', '../homogeneous-eight-cell-twentynine-april-exported-images-highdif-bigborder/2/2-84.png', '../homogeneous-eight-cell-twentynine-april-exported-images-highdif-medborder/2/2-84.png', '../homogeneous-eight-cell-twentynine-april-exported-images-highdif-smallborder/2/2-84.png', '../homogeneous-eight-cell-twentynine-april-exported-images-lowdiff-bigborder/2/2-84.png', '../homogeneous-eight-cell-twentynine-april-exported-images-lowdiff-medborder/2/2-84.png', '../homogeneous-eight-cell-twentynine-april-exported-images-lowdiff-smallborder/2/2-84.png', '../homogeneous-eight-cell-twentynine-april-exported-images-meddiff-bigborder/2/2-84.png', '../homogeneous-eight-cell-twentynine-april-exported-images-meddiff-medborder/2/2-84.png', '../homogeneous-eight-cell-twentynine-april-exported-images-meddiff-smallborder/2/2-84.png']",1285.0
284,2,2-85,"['../homogeneous-eight-cell-twentynine-april-exported-extra-smooth-images/2/2-85.png', '../homogeneous-eight-cell-twentynine-april-exported-images-highdif-bigborder/2/2-85.png', '../homogeneous-eight-cell-twentynine-april-exported-images-highdif-medborder/2/2-85.png', '../homogeneous-eight-cell-twentynine-april-exported-images-highdif-smallborder/2/2-85.png', '../homogeneous-eight-cell-twentynine-april-exported-images-lowdiff-bigborder/2/2-85.png', '../homogeneous-eight-cell-twentynine-april-exported-images-lowdiff-medborder/2/2-85.png', '../homogeneous-eight-cell-twentynine-april-exported-images-lowdiff-smallborder/2/2-85.png', '../homogeneous-eight-cell-twentynine-april-exported-images-meddiff-bigborder/2/2-85.png', '../homogeneous-eight-cell-twentynine-april-exported-images-meddiff-medborder/2/2-85.png', '../homogeneous-eight-cell-twentynine-april-exported-images-meddiff-smallborder/2/2-85.png']",49.0
285,2,2-86,"['../homogeneous-eight-cell-twentynine-april-exported-extra-smooth-images/2/2-86.png', '../homogeneous-eight-cell-twentynine-april-exported-images-highdif-bigborder/2/2-86.png', '../homogeneous-eight-cell-twentynine-april-exported-images-highdif-medborder/2/2-86.png', '../homogeneous-eight-cell-twentynine-april-exported-images-highdif-smallborder/2/2-86.png', '../homogeneous-eight-cell-twentynine-april-exported-images-lowdiff-bigborder/2/2-86.png', '../homogeneous-eight-cell-twentynine-april-exported-images-lowdiff-medborder/2/2-86.png', '../homogeneous-eight-cell-twentynine-april-exported-images-lowdiff-smallborder/2/2-86.png', '../homogeneous-eight-cell-twentynine-april-exported-images-meddiff-bigborder/2/2-86.png', '../homogeneous-eight-cell-twentynine-april-exported-images-meddiff-medborder/2/2-86.png', '../homogeneous-eight-cell-twentynine-april-exported-images-meddiff-smallborder/2/2-86.png']",16.0
286,2,2-87,"['../homogeneous-eight-cell-twentynine-april-exported-extra-smooth-images/2/2-87.png', '../homogeneous-eight-cell-twentynine-april-exported-images-highdif-bigborder/2/2-87.png', '../homogeneous-eight-cell-twentynine-april-exported-images-highdif-medborder/2/2-87.png', '../homogeneous-eight-cell-twentynine-april-exported-images-highdif-smallborder/2/2-87.png', '../homogeneous-eight-cell-twentynine-april-exported-images-lowdiff-bigborder/2/2-87.png', '../homogeneous-eight-cell-twentynine-april-exported-images-lowdiff-medborder/2/2-87.png', '../homogeneous-eight-cell-twentynine-april-exported-images-lowdiff-smallborder/2/2-87.png', '../homogeneous-eight-cell-twentynine-april-exported-images-meddiff-bigborder/2/2-87.png', '../homogeneous-eight-cell-twentynine-april-exported-images-meddiff-medborder/2/2-87.png', '../homogeneous-eight-cell-twentynine-april-exported-images-meddiff-smallborder/2/2-87.png']",269.0
287,2,2-88,"['../homogeneous-eight-cell-twentynine-april-exported-extra-smooth-images/2/2-88.png', '../homogeneous-eight-cell-twentynine-april-exported-images-highdif-bigborder/2/2-88.png', '../homogeneous-eight-cell-twentynine-april-exported-images-highdif-medborder/2/2-88.png', '../homogeneous-eight-cell-twentynine-april-exported-images-highdif-smallborder/2/2-88.png', '../homogeneous-eight-cell-twentynine-april-exported-images-lowdiff-bigborder/2/2-88.png', '../homogeneous-eight-cell-twentynine-april-exported-images-lowdiff-medborder/2/2-88.png', '../homogeneous-eight-cell-twentynine-april-exported-images-lowdiff-smallborder/2/2-88.png', '../homogeneous-eight-cell-twentynine-april-exported-images-meddiff-bigborder/2/2-88.png', '../homogeneous-eight-cell-twentynine-april-exported-images-meddiff-medborder/2/2-88.png', '../homogeneous-eight-cell-twentynine-april-exported-images-meddiff-smallborder/2/2-88.png']",149.0
288,2,2-89,"['../homogeneous-eight-cell-twentynine-april-exported-extra-smooth-images/2/2-89.png', '../homogeneous-eight-cell-twentynine-april-exported-images-highdif-bigborder/2/2-89.png', '../homogeneous-eight-cell-twentynine-april-exported-images-highdif-medborder/2/2-89.png', '../homogeneous-eight-cell-twentynine-april-exported-images-highdif-smallborder/2/2-89.png', '../homogeneous-eight-cell-twentynine-april-exported-images-lowdiff-bigborder/2/2-89.png', '../homogeneous-eight-cell-twentynine-april-exported-images-lowdiff-medborder/2/2-89.png', '../homogeneous-eight-cell-twentynine-april-exported-images-lowdiff-smallborder/2/2-89.png', '../homogeneous-eight-cell-twentynine-april-exported-images-meddiff-bigborder/2/2-89.png', '../homogeneous-eight-cell-twentynine-april-exported-images-meddiff-medborder/2/2-89.png', '../homogeneous-eight-cell-twentynine-april-exported-images-meddiff-smallborder/2/2-89.png']",88.0
289,2,2-90,"['../homogeneous-eight-cell-twentynine-april-exported-extra-smooth-images/2/2-90.png', '../homogeneous-eight-cell-twentynine-april-exported-images-highdif-bigborder/2/2-90.png', '../homogeneous-eight-cell-twentynine-april-exported-images-highdif-medborder/2/2-90.png', '../homogeneous-eight-cell-twentynine-april-exported-images-highdif-smallborder/2/2-90.png', '../homogeneous-eight-cell-twentynine-april-exported-images-lowdiff-bigborder/2/2-90.png', '../homogeneous-eight-cell-twentynine-april-exported-images-lowdiff-medborder/2/2-90.png', '../homogeneous-eight-cell-twentynine-april-exported-images-lowdiff-smallborder/2/2-90.png', '../homogeneous-eight-cell-twentynine-april-exported-images-meddiff-bigborder/2/2-90.png', '../homogeneous-eight-cell-twentynine-april-exported-images-meddiff-medborder/2/2-90.png', '../homogeneous-eight-cell-twentynine-april-exported-images-meddiff-smallborder/2/2-90.png']",3.0
290,2,2-91,"['../homogeneous-eight-cell-twentynine-april-exported-extra-smooth-images/2/2-91.png', '../homogeneous-eight-cell-twentynine-april-exported-images-highdif-bigborder/2/2-91.png', '../homogeneous-eight-cell-twentynine-april-exported-images-highdif-medborder/2/2-91.png', '../homogeneous-eight-cell-twentynine-april-exported-images-highdif-smallborder/2/2-91.png', '../homogeneous-eight-cell-twentynine-april-exported-images-lowdiff-bigborder/2/2-91.png', '../homogeneous-eight-cell-twentynine-april-exported-images-lowdiff-medborder/2/2-91.png', '../homogeneous-eight-cell-twentynine-april-exported-images-lowdiff-smallborder/2/2-91.png', '../homogeneous-eight-cell-twentynine-april-exported-images-meddiff-bigborder/2/2-91.png', '../homogeneous-eight-cell-twentynine-april-exported-images-meddiff-medborder/2/2-91.png', '../homogeneous-eight-cell-twentynine-april-exported-images-meddiff-smallborder/2/2-91.png']",34.0
291,2,2-92,"['../homogeneous-eight-cell-twentynine-april-exported-extra-smooth-images/2/2-92.png', '../homogeneous-eight-cell-twentynine-april-exported-images-highdif-bigborder/2/2-92.png', '../homogeneous-eight-cell-twentynine-april-exported-images-highdif-medborder/2/2-92.png', '../homogeneous-eight-cell-twentynine-april-exported-images-highdif-smallborder/2/2-92.png', '../homogeneous-eight-cell-twentynine-april-exported-images-lowdiff-bigborder/2/2-92.png', '../homogeneous-eight-cell-twentynine-april-exported-images-lowdiff-medborder/2/2-92.png', '../homogeneous-eight-cell-twentynine-april-exported-images-lowdiff-smallborder/2/2-92.png', '../homogeneous-eight-cell-twentynine-april-exported-images-meddiff-bigborder/2/2-92.png', '../homogeneous-eight-cell-twentynine-april-exported-images-meddiff-medborder/2/2-92.png', '../homogeneous-eight-cell-twentynine-april-exported-images-meddiff-smallborder/2/2-92.png']",63.0
292,2,2-93,"['../homogeneous-eight-cell-twentynine-april-exported-extra-smooth-images/2/2-93.png', '../homogeneous-eight-cell-twentynine-april-exported-images-highdif-bigborder/2/2-93.png', '../homogeneous-eight-cell-twentynine-april-exported-images-highdif-medborder/2/2-93.png', '../homogeneous-eight-cell-twentynine-april-exported-images-highdif-smallborder/2/2-93.png', '../homogeneous-eight-cell-twentynine-april-exported-images-lowdiff-bigborder/2/2-93.png', '../homogeneous-eight-cell-twentynine-april-exported-images-lowdiff-medborder/2/2-93.png', '../homogeneous-eight-cell-twentynine-april-exported-images-lowdiff-smallborder/2/2-93.png', '../homogeneous-eight-cell-twentynine-april-exported-images-meddiff-bigborder/2/2-93.png', '../homogeneous-eight-cell-twentynine-april-exported-images-meddiff-medborder/2/2-93.png', '../homogeneous-eight-cell-twentynine-april-exported-images-meddiff-smallborder/2/2-93.png']",143.0
293,2,2-94,"['../homogeneous-eight-cell-twentynine-april-exported-extra-smooth-images/2/2-94.png', '../homogeneous-eight-cell-twentynine-april-exported-images-highdif-bigborder/2/2-94.png', '../homogeneous-eight-cell-twentynine-april-exported-images-highdif-medborder/2/2-94.png', '../homogeneous-eight-cell-twentynine-april-exported-images-highdif-smallborder/2/2-94.png', '../homogeneous-eight-cell-twentynine-april-exported-images-lowdiff-bigborder/2/2-94.png', '../homogeneous-eight-cell-twentynine-april-exported-images-lowdiff-medborder/2/2-94.png', '../homogeneous-eight-cell-twentynine-april-exported-images-lowdiff-smallborder/2/2-94.png', '../homogeneous-eight-cell-twentynine-april-exported-images-meddiff-bigborder/2/2-94.png', '../homogeneous-eight-cell-twentynine-april-exported-images-meddiff-medborder/2/2-94.png', '../homogeneous-eight-cell-twentynine-april-exported-images-meddiff-smallborder/2/2-94.png']",153.0
294,2,2-95,"['../homogeneous-eight-cell-twentynine-april-exported-extra-smooth-images/2/2-95.png', '../homogeneous-eight-cell-twentynine-april-exported-images-highdif-bigborder/2/2-95.png', '../homogeneous-eight-cell-twentynine-april-exported-images-highdif-medborder/2/2-95.png', '../homogeneous-eight-cell-twentynine-april-exported-images-highdif-smallborder/2/2-95.png', '../homogeneous-eight-cell-twentynine-april-exported-images-lowdiff-bigborder/2/2-95.png', '../homogeneous-eight-cell-twentynine-april-exported-images-lowdiff-medborder/2/2-95.png', '../homogeneous-eight-cell-twentynine-april-exported-images-lowdiff-smallborder/2/2-95.png', '../homogeneous-eight-cell-twentynine-april-exported-images-meddiff-bigborder/2/2-95.png', '../homogeneous-eight-cell-twentynine-april-exported-images-meddiff-medborder/2/2-95.png', '../homogeneous-eight-cell-twentynine-april-exported-images-meddiff-smallborder/2/2-95.png']",558.0
295,2,2-96,"['../homogeneous-eight-cell-twentynine-april-exported-extra-smooth-images/2/2-96.png', '../homogeneous-eight-cell-twentynine-april-exported-images-highdif-bigborder/2/2-96.png', '../homogeneous-eight-cell-twentynine-april-exported-images-highdif-medborder/2/2-96.png', '../homogeneous-eight-cell-twentynine-april-exported-images-highdif-smallborder/2/2-96.png', '../homogeneous-eight-cell-twentynine-april-exported-images-lowdiff-bigborder/2/2-96.png', '../homogeneous-eight-cell-twentynine-april-exported-images-lowdiff-medborder/2/2-96.png', '../homogeneous-eight-cell-twentynine-april-exported-images-lowdiff-smallborder/2/2-96.png', '../homogeneous-eight-cell-twentynine-april-exported-images-meddiff-bigborder/2/2-96.png', '../homogeneous-eight-cell-twentynine-april-exported-images-meddiff-medborder/2/2-96.png', '../homogeneous-eight-cell-twentynine-april-exported-images-meddiff-smallborder/2/2-96.png']",153.0
296,2,2-97,"['../homogeneous-eight-cell-twentynine-april-exported-extra-smooth-images/2/2-97.png', '../homogeneous-eight-cell-twentynine-april-exported-images-highdif-bigborder/2/2-97.png', '../homogeneous-eight-cell-twentynine-april-exported-images-highdif-medborder/2/2-97.png', '../homogeneous-eight-cell-twentynine-april-exported-images-highdif-smallborder/2/2-97.png', '../homogeneous-eight-cell-twentynine-april-exported-images-lowdiff-bigborder/2/2-97.png', '../homogeneous-eight-cell-twentynine-april-exported-images-lowdiff-medborder/2/2-97.png', '../homogeneous-eight-cell-twentynine-april-exported-images-lowdiff-smallborder/2/2-97.png', '../homogeneous-eight-cell-twentynine-april-exported-images-meddiff-bigborder/2/2-97.png', '../homogeneous-eight-cell-twentynine-april-exported-images-meddiff-medborder/2/2-97.png', '../homogeneous-eight-cell-twentynine-april-exported-images-meddiff-smallborder/2/2-97.png']",0.0
297,2,2-98,"['../homogeneous-eight-cell-twentynine-april-exported-extra-smooth-images/2/2-98.png', '../homogeneous-eight-cell-twentynine-april-exported-images-highdif-bigborder/2/2-98.png', '../homogeneous-eight-cell-twentynine-april-exported-images-highdif-medborder/2/2-98.png', '../homogeneous-eight-cell-twentynine-april-exported-images-highdif-smallborder/2/2-98.png', '../homogeneous-eight-cell-twentynine-april-exported-images-lowdiff-bigborder/2/2-98.png', '../homogeneous-eight-cell-twentynine-april-exported-images-lowdiff-medborder/2/2-98.png', '../homogeneous-eight-cell-twentynine-april-exported-images-lowdiff-smallborder/2/2-98.png', '../homogeneous-eight-cell-twentynine-april-exported-images-meddiff-bigborder/2/2-98.png', '../homogeneous-eight-cell-twentynine-april-exported-images-meddiff-medborder/2/2-98.png', '../homogeneous-eight-cell-twentynine-april-exported-images-meddiff-smallborder/2/2-98.png']",541.0
298,2,2-99,"['../homogeneous-eight-cell-twentynine-april-exported-extra-smooth-images/2/2-99.png', '../homogeneous-eight-cell-twentynine-april-exported-images-highdif-bigborder/2/2-99.png', '../homogeneous-eight-cell-twentynine-april-exported-images-highdif-medborder/2/2-99.png', '../homogeneous-eight-cell-twentynine-april-exported-images-highdif-smallborder/2/2-99.png', '../homogeneous-eight-cell-twentynine-april-exported-images-lowdiff-bigborder/2/2-99.png', '../homogeneous-eight-cell-twentynine-april-exported-images-lowdiff-medborder/2/2-99.png', '../homogeneous-eight-cell-twentynine-april-exported-images-lowdiff-smallborder/2/2-99.png', '../homogeneous-eight-cell-twentynine-april-exported-images-meddiff-bigborder/2/2-99.png', '../homogeneous-eight-cell-twentynine-april-exported-images-meddiff-medborder/2/2-99.png', '../homogeneous-eight-cell-twentynine-april-exported-images-meddiff-smallborder/2/2-99.png']",105.0
299,2,2-100,"['../homogeneous-eight-cell-twentynine-april-exported-extra-smooth-images/2/2-100.png', '../homogeneous-eight-cell-twentynine-april-exported-images-highdif-bigborder/2/2-100.png', '../homogeneous-eight-cell-twentynine-april-exported-images-highdif-medborder/2/2-100.png', '../homogeneous-eight-cell-twentynine-april-exported-images-highdif-smallborder/2/2-100.png', '../homogeneous-eight-cell-twentynine-april-exported-images-lowdiff-bigborder/2/2-100.png', '../homogeneous-eight-cell-twentynine-april-exported-images-lowdiff-medborder/2/2-100.png', '../homogeneous-eight-cell-twentynine-april-exported-images-lowdiff-smallborder/2/2-100.png', '../homogeneous-eight-cell-twentynine-april-exported-images-meddiff-bigborder/2/2-100.png', '../homogeneous-eight-cell-twentynine-april-exported-images-meddiff-medborder/2/2-100.png', '../homogeneous-eight-cell-twentynine-april-exported-images-meddiff-smallborder/2/2-100.png']",105.0
